product_code,price_inr,year
YOGAZH665F,2460,2024
YOGAZH665F,2626,2025
FOOTKQJWOH,5116,2024
FOOTKQJWOH,5457,2025
RUNNTEWIQ5,-6652,2024
RUNNTEWIQ5,7084,2025
FOOTDVSUDM,6901,2024
FOOTDVSUDM,7397,2025
TENNBHG8TI,7045,2024
TENNBHG8TI,7747,2025
CRICYUKGHF,5287,2024
CRICYUKGHF,5610,2025
RUNNM26219,6982,2024
RUNNM26219,7484,2025
BASKV9OQU5,1339,2024
BASKV9OQU5,-1592,2025
BOXIULNIN5,847,2024
BOXIULNIN5,1627,2025
CRICEFMXF2,2665,2024
CRICEFMXF2,3198,2025
FOOTENB1XE,1117,2024
FOOTENB1XE,1595,2025
FOOTWCUT7N,6501,2024
FOOTWCUT7N,7206,2025
RUNNJT9ANL,1573,2024
RUNNJT9ANL,2088,2025
BADM15KIYT,5244,2024
BADM15KIYT,5951,2025
FOOTYV5DHT,2246,2024
FOOTYV5DHT,2516,2025
FOOTR124SA,4101,2024
FOOTR124SA,4226,2025
CYCLYQ3GW9,6031,2024
CYCLYQ3GW9,6591,2025
RUNNURALK0,7629,2024
RUNNURALK0,8113,2025
TENNS4WA1L,3262,2024
TENNS4WA1L,4041,2025
FOOT0JL7H7,3116,2024
FOOT0JL7H7,3309,2025
ARCHJ5WJQ1,7097,2024
ARCHJ5WJQ1,7657,2025
RUNNKD6X8G,5756,2024
RUNNKD6X8G,6021,2025
CYCLB2QY2G,6821,2024
CYCLB2QY2G,7009,2025
RUNNXDA371,5890,2024
RUNNXDA371,6320,2025
FOOTMJWJ13,6220,2024
FOOTMJWJ13,6730,2025
BADM6UF29Z,6252,2024
BADM6UF29Z,6662,2025
BADM93L9OX,3535,2024
BADM93L9OX,4172,2025
SWIMGWNPAV,1540,2024
SWIMGWNPAV,1791,2025
CRICQSF6VG,1041,2024
CRICQSF6VG,1603,2025
BADMID9AH9,971,2024
BADMID9AH9,1681,2025
ARCH5W3I7W,4438,2024
ARCH5W3I7W,5230,2025
SWIMNHFBMM,1320,2024
SWIMNHFBMM,1420,2025
ARCHGO8ZYO,6278,2024
ARCHGO8ZYO,6430,2025
CAMPXGETVZ,7843,2024
CAMPXGETVZ,8490,2025
CRICD6WRPO,4872,2024
CRICD6WRPO,5616,2025
RUNN6SFWXC,2405,2024
RUNN6SFWXC,3115,2025
TENNZE5GNU,5080,2024
TENNZE5GNU,5400,2025
BADMW38OD1,911,2024
BADMW38OD1,1403,2025
RUNNSKP2YV,5752,2024
RUNNSKP2YV,6244,2025
CYCLXEUF4J,4650,2024
CYCLXEUF4J,4921,2025
BADMF0ZB2Z,682,2024
BADMF0ZB2Z,1352,2025
FOOTOUB8IO,3833,2024
FOOTOUB8IO,4474,2025
ARCH7GMZLB,6088,2024
ARCH7GMZLB,6585,2025
FOOTH9J9YD,4030,2024
FOOTH9J9YD,4312,2025
RUNNXTNS3N,3735,2024
RUNNXTNS3N,3928,2025
FOOTEB9HRS,3462,2024
FOOTEB9HRS,3875,2025
YOGAI78QMA,2023,2024
YOGAI78QMA,2323,2025
BASK6V1U5H,4195,2024
BASK6V1U5H,4628,2025
CAMPMSV3GO,-2707,2024
CAMPMSV3GO,3084,2025
TENN0AZ43M,1047,2024
TENN0AZ43M,1332,2025
BASKBWSNJ6,7799,2024
BASKBWSNJ6,8117,2025
ARCHEFOFO4,0,2024
ARCHEFOFO4,5736,2025
BADMFW4BGN,5218,2024
BADMFW4BGN,5368,2025
RUNN425QRZ,-7166,2024
RUNN425QRZ,7501,2025
BASK4N74EW,5915,2024
BASK4N74EW,6114,2025
CYCLCX6SOY,4485,2024
CYCLCX6SOY,5065,2025
CRICXXYA6W,5671,2024
CRICXXYA6W,6166,2025
RUNN7LIQ9L,2340,2024
RUNN7LIQ9L,3061,2025
YOGAW95KNU,7902,2024
YOGAW95KNU,8261,2025
FOOT4N2M55,1378,2024
FOOT4N2M55,1528,2025
CYCL6A1X1J,5726,2024
CYCL6A1X1J,6213,2025
RUNNW8P5EX,7180,2024
RUNNW8P5EX,7379,2025
BOXI71CVVJ,4565,2024
BOXI71CVVJ,5075,2025
CYCLQX0N92,6126,2024
CYCLQX0N92,6781,2025
CAMPO0RJDS,7522,2024
CAMPO0RJDS,7957,2025
CRIC1WME0D,6381,2024
CRIC1WME0D,6588,2025
ARCHQAMVB1,5178,2024
ARCHQAMVB1,5439,2025
YOGANUF9VH,1827,2024
YOGANUF9VH,2073,2025
BASKNLZ15I,4951,2024
BASKNLZ15I,5207,2025
BADM3Y1O57,4799,2024
BADM3Y1O57,5464,2025
CYCLS6IE8G,7008,2024
CYCLS6IE8G,7533,2025
TENN1EGXF1,3509,2024
TENN1EGXF1,4030,2025
ARCHBD5RZI,7694,2024
ARCHBD5RZI,8269,2025
CYCLMB6VO9,1017,2024
CYCLMB6VO9,1572,2025
RUNNUK80VF,3485,2024
RUNNUK80VF,4281,2025
ARCHGSBZ20,6412,2024
ARCHGSBZ20,6744,2025
BADMK6P1PN,3197,2024
BADMK6P1PN,3518,2025
SWIMDVFM52,712,2024
SWIMDVFM52,1102,2025
SWIMC937LB,5724,2024
SWIMC937LB,5924,2025
ARCHZXDJ1B,508,2024
ARCHZXDJ1B,778,2025
FOOTNCSK9C,1887,2024
FOOTNCSK9C,2325,2025
YOGA1UTDA6,5505,2024
YOGA1UTDA6,5770,2025
BADML8Q3A2,5080,2024
BADML8Q3A2,5821,2025
BASK8RJBEM,6723,2024
BASK8RJBEM,7429,2025
RUNNPEYDFQ,1364,2024
RUNNPEYDFQ,2067,2025
CAMP6N3HVE,4531,2024
CAMP6N3HVE,4877,2025
YOGAJJOJMP,5409,2024
YOGAJJOJMP,5877,2025
CAMPPG048A,4872,2024
CAMPPG048A,5018,2025
BOXI6EMTCM,4668,2024
BOXI6EMTCM,5322,2025
SWIMXTL8QH,6172,2024
SWIMXTL8QH,6757,2025
RUNNDIXWX9,7551,2024
RUNNDIXWX9,8250,2025
TENNGJUX50,6380,2024
TENNGJUX50,-6487,2025
TENNHUVUU7,4929,2024
TENNHUVUU7,5320,2025
CAMPIJ1H17,7284,2024
CAMPIJ1H17,7544,2025
RUNNCPVQU1,1150,2024
RUNNCPVQU1,1782,2025
CYCLQC7L78,977,2024
CYCLQC7L78,1702,2025
BOXILGX2C9,4604,2024
BOXILGX2C9,4788,2025
BADM2PV64W,3032,2024
BADM2PV64W,3672,2025
BADMC5XW3D,3046,2024
BADMC5XW3D,0,2025
RUNNA0WT1N,6972,2024
RUNNA0WT1N,7221,2025
BASKMDV5TV,7802,2024
BASKMDV5TV,8361,2025
TENNRP07IB,6187,2024
TENNRP07IB,6981,2025
YOGAO9JGXC,0,2024
YOGAO9JGXC,2893,2025
BADM1N7O6K,5804,2024
BADM1N7O6K,6437,2025
YOGAFRE3DR,1684,2024
YOGAFRE3DR,2397,2025
ARCHQ80YO3,0,2024
ARCHQ80YO3,6096,2025
CRICVQQAYC,5428,2024
CRICVQQAYC,5941,2025
BOXICXV11L,1234,2024
BOXICXV11L,1486,2025
CYCLC76013,4087,2024
CYCLC76013,4235,2025
ARCHZSZECA,6477,2024
ARCHZSZECA,7211,2025
CYCL95GHVV,1240,2024
CYCL95GHVV,1498,2025
BOXIFHMK5F,4592,2024
BOXIFHMK5F,-5374,2025
TENNETO86T,6458,2024
TENNETO86T,-6834,2025
CYCLKIBEO8,2782,2024
CYCLKIBEO8,3327,2025
SWIMXB1NTC,3541,2024
SWIMXB1NTC,4106,2025
TENNU3ZOT2,6310,2024
TENNU3ZOT2,6938,2025
TENNWOMXKK,559,2024
TENNWOMXKK,788,2025
CRICK5WIMM,1644,2024
CRICK5WIMM,2071,2025
FOOT3XNH85,6982,2024
FOOT3XNH85,7355,2025
BOXIHJQM8Y,3910,2024
BOXIHJQM8Y,-4339,2025
YOGAH5XU3S,7147,2024
YOGAH5XU3S,7411,2025
FOOTO4ATUF,908,2024
FOOTO4ATUF,1337,2025
ARCHQ8BT6Y,7139,2024
ARCHQ8BT6Y,7873,2025
YOGADI2TUC,7291,2024
YOGADI2TUC,7393,2025
BOXIR51INB,6210,2024
BOXIR51INB,6664,2025
CRICCLSSF0,6910,2024
CRICCLSSF0,7240,2025
TENN0VBIPV,1251,2024
TENN0VBIPV,1859,2025
BOXIJ3C9XB,1547,2024
BOXIJ3C9XB,1692,2025
CRIC83JT6X,6273,2024
CRIC83JT6X,6593,2025
RUNNDJJ38L,-1654,2024
RUNNDJJ38L,1769,2025
SWIMSG4V35,4633,2024
SWIMSG4V35,4992,2025
ARCHWOXQ1F,5728,2024
ARCHWOXQ1F,6105,2025
ARCH8RKMMR,6915,2024
ARCH8RKMMR,7110,2025
CAMP6INM9W,4318,2024
CAMP6INM9W,4567,2025
YOGAK902ZP,7888,2024
YOGAK902ZP,8352,2025
YOGANBDL8B,507,2024
YOGANBDL8B,1048,2025
YOGADPOTM0,2030,2024
YOGADPOTM0,2231,2025
YOGAIN68VR,3915,2024
YOGAIN68VR,4593,2025
FOOT4WV3Z7,2775,2024
FOOT4WV3Z7,3115,2025
TENNM6BKO1,3249,2024
TENNM6BKO1,3927,2025
BASKUBM50R,0,2024
BASKUBM50R,7545,2025
CYCL6HB62S,-1941,2024
CYCL6HB62S,2214,2025
CAMPL7YPRM,6102,2024
CAMPL7YPRM,6365,2025
BADMVS8NI0,7673,2024
BADMVS8NI0,7785,2025
TENNBEDCYF,6163,2024
TENNBEDCYF,6922,2025
CYCL4AZQJ9,2950,2024
CYCL4AZQJ9,3358,2025
BASKQMZC1T,3099,2024
BASKQMZC1T,3867,2025
ARCH10X288,1127,2024
ARCH10X288,1849,2025
BASK48ZUXT,6476,2024
BASK48ZUXT,7247,2025
TENNC1V6MC,1548,2024
TENNC1V6MC,2222,2025
SWIMEO1B6N,5344,2024
SWIMEO1B6N,5665,2025
SWIM26IZI4,706,2024
SWIM26IZI4,1226,2025
YOGAMUQYRO,5047,2024
YOGAMUQYRO,5471,2025
CRICCO3XA0,7568,2024
CRICCO3XA0,7913,2025
TENNV0P7RF,1526,2024
TENNV0P7RF,-2135,2025
CYCLMRY3JP,7966,2024
CYCLMRY3JP,8704,2025
BADM2YQ163,5839,2024
BADM2YQ163,6058,2025
CYCLCBAN9X,4394,2024
CYCLCBAN9X,4506,2025
CRICVQ9KY3,7386,2024
CRICVQ9KY3,7666,2025
CYCL2VH6D3,0,2024
CYCL2VH6D3,-5826,2025
SWIMZCSTMF,631,2024
SWIMZCSTMF,820,2025
BOXIJFHQUW,6191,2024
BOXIJFHQUW,6851,2025
FOOT6DG3P2,1745,2024
FOOT6DG3P2,2348,2025
BADMDLVCZA,7578,2024
BADMDLVCZA,7802,2025
BOXI1QJ41I,2825,2024
BOXI1QJ41I,3475,2025
ARCH9B4S5Z,6277,2024
ARCH9B4S5Z,7069,2025
SWIMEBCJME,1009,2024
SWIMEBCJME,1690,2025
BADM0L7QX3,4897,2024
BADM0L7QX3,5031,2025
SWIMCDJQ75,6447,2024
SWIMCDJQ75,7187,2025
ARCHUQ7TAW,1029,2024
ARCHUQ7TAW,1498,2025
CYCL7YK5VG,4307,2024
CYCL7YK5VG,4579,2025
RUNNEV4VPE,6113,2024
RUNNEV4VPE,-6658,2025
BASKCWW56G,2277,2024
BASKCWW56G,2679,2025
RUNNX7TWC7,6659,2024
RUNNX7TWC7,7010,2025
RUNNPOPVP1,6831,2024
RUNNPOPVP1,7062,2025
TENNZ3J3UW,6107,2024
TENNZ3J3UW,6872,2025
BOXI97HM51,7994,2024
BOXI97HM51,8701,2025
TENNOHBF5Q,4058,2024
TENNOHBF5Q,4545,2025
BASK2WZP6S,2591,2024
BASK2WZP6S,2870,2025
ARCH5H8D5E,3098,2024
ARCH5H8D5E,3841,2025
FOOT32X3BR,1371,2024
FOOT32X3BR,1642,2025
BOXI0DM9KE,4285,2024
BOXI0DM9KE,4647,2025
BOXIYJQ4P6,2192,2024
BOXIYJQ4P6,0,2025
BOXII64SCL,6023,2024
BOXII64SCL,0,2025
FOOT1URTZ3,3291,2024
FOOT1URTZ3,3933,2025
CRICGAUBI4,3282,2024
CRICGAUBI4,3794,2025
CAMPF0K2W5,7000,2024
CAMPF0K2W5,7119,2025
BOXIIG7ZKK,2296,2024
BOXIIG7ZKK,2876,2025
CAMPOO9C4C,-5629,2024
CAMPOO9C4C,5971,2025
CRICEUSIBY,7782,2024
CRICEUSIBY,8449,2025
BADMWFQ2XO,3885,2024
BADMWFQ2XO,4464,2025
RUNNYEUASU,0,2024
RUNNYEUASU,5163,2025
BADMY5YSHJ,1734,2024
BADMY5YSHJ,2451,2025
YOGASFEKLE,7468,2024
YOGASFEKLE,7873,2025
SWIM5T04XJ,0,2024
SWIM5T04XJ,5156,2025
BADMH37CQV,7353,2024
BADMH37CQV,7977,2025
CYCLR8TAPF,864,2024
CYCLR8TAPF,1016,2025
ARCHG3PYJ1,7511,2024
ARCHG3PYJ1,8095,2025
BADMML1RSQ,1654,2024
BADMML1RSQ,2194,2025
BASK7UARTE,4797,2024
BASK7UARTE,5255,2025
BOXIYLAB4B,6631,2024
BOXIYLAB4B,6841,2025
TENNHJLUZO,3220,2024
TENNHJLUZO,3425,2025
BADMB4XFAI,4833,2024
BADMB4XFAI,5044,2025
CAMP1DXL9C,1038,2024
CAMP1DXL9C,1215,2025
TENNJ5YR6T,0,2024
TENNJ5YR6T,5601,2025
RUNN5JETGI,992,2024
RUNN5JETGI,1523,2025
BOXIM0IPF3,1370,2024
BOXIM0IPF3,2094,2025
BADMAVCL65,752,2024
BADMAVCL65,-1152,2025
BASKM1MLIL,5077,2024
BASKM1MLIL,5646,2025
RUNNR1VIWT,6270,2024
RUNNR1VIWT,6983,2025
RUNNL85QIK,3813,2024
RUNNL85QIK,4611,2025
SWIMKMWBF4,2688,2024
SWIMKMWBF4,2842,2025
RUNN8MJV50,507,2024
RUNN8MJV50,912,2025
YOGATBAICH,4747,2024
YOGATBAICH,5348,2025
RUNNYTTWB1,3949,2024
RUNNYTTWB1,4499,2025
BOXICZMPD9,6250,2024
BOXICZMPD9,-6841,2025
CYCLCTHQW6,4754,2024
CYCLCTHQW6,5175,2025
RUNN8UANCW,6242,2024
RUNN8UANCW,6364,2025
SWIMFS4E7X,6321,2024
SWIMFS4E7X,6814,2025
RUNNS0BGUV,961,2024
RUNNS0BGUV,1244,2025
CRIC2P8ZA9,1601,2024
CRIC2P8ZA9,1853,2025
BADM0HBAED,5177,2024
BADM0HBAED,5345,2025
CYCL0ZK57A,-2734,2024
CYCL0ZK57A,3462,2025
RUNNOM0EQ9,5784,2024
RUNNOM0EQ9,6127,2025
RUNNMQP0M1,4273,2024
RUNNMQP0M1,-4612,2025
TENNXVSO7W,7594,2024
TENNXVSO7W,7913,2025
CRIC96QUUQ,6840,2024
CRIC96QUUQ,7619,2025
FOOTVLB3VZ,5887,2024
FOOTVLB3VZ,6597,2025
BOXIFE7WCG,-3958,2024
BOXIFE7WCG,4133,2025
CRICSYH7ON,0,2024
CRICSYH7ON,6478,2025
CYCLD0TYR8,7008,2024
CYCLD0TYR8,7746,2025
BASKP0ATYZ,2684,2024
BASKP0ATYZ,3374,2025
BADMVO513X,4037,2024
BADMVO513X,4831,2025
ARCH0DR35U,5908,2024
ARCH0DR35U,6234,2025
CAMPKQD9X0,5076,2024
CAMPKQD9X0,5269,2025
BOXI7IYQB0,5432,2024
BOXI7IYQB0,-5987,2025
ARCHQT4YJT,1840,2024
ARCHQT4YJT,2612,2025
RUNND3XBZI,507,2024
RUNND3XBZI,1133,2025
TENNG7369T,4617,2024
TENNG7369T,5397,2025
CRICZCJAHW,3000,2024
CRICZCJAHW,3748,2025
SWIMYUE8GW,3881,2024
SWIMYUE8GW,4114,2025
TENNY78Z52,5175,2024
TENNY78Z52,5549,2025
CAMPRZOVGM,2668,2024
CAMPRZOVGM,3146,2025
SWIMUS6WWI,5674,2024
SWIMUS6WWI,-6196,2025
BADMXO2L54,5614,2024
BADMXO2L54,6156,2025
CRICUL23U5,731,2024
CRICUL23U5,1306,2025
TENNN025IE,3748,2024
TENNN025IE,3853,2025
TENNTM53MN,3512,2024
TENNTM53MN,3772,2025
BASKFYXTRB,5340,2024
BASKFYXTRB,5624,2025
CRICI13WW4,3219,2024
CRICI13WW4,3605,2025
CYCLMLNLWQ,1455,2024
CYCLMLNLWQ,1633,2025
FOOTQEH0L2,3151,2024
FOOTQEH0L2,3906,2025
CRICOPG8LF,6141,2024
CRICOPG8LF,6456,2025
SWIM8T3O0T,2965,2024
SWIM8T3O0T,3286,2025
BOXI46YC07,5032,2024
BOXI46YC07,5178,2025
RUNNUHS45V,3495,2024
RUNNUHS45V,4183,2025
CYCLFT8H04,4619,2024
CYCLFT8H04,5105,2025
BASKBDUZ2F,6847,2024
BASKBDUZ2F,7171,2025
BOXIQWZJ9H,7229,2024
BOXIQWZJ9H,8025,2025
FOOTWUTXJX,5793,2024
FOOTWUTXJX,6392,2025
FOOTI4H9WW,1297,2024
FOOTI4H9WW,1778,2025
ARCHPRFUYN,5141,2024
ARCHPRFUYN,5770,2025
ARCHP0K2A2,3941,2024
ARCHP0K2A2,4517,2025
CYCLG8JJSG,901,2024
CYCLG8JJSG,1399,2025
SWIMMKVYI5,6866,2024
SWIMMKVYI5,7092,2025
RUNN6MFADX,5094,2024
RUNN6MFADX,5557,2025
CAMPC8F4A8,933,2024
CAMPC8F4A8,-1140,2025
BASK6M6CDY,1860,2024
BASK6M6CDY,2101,2025
RUNNM8R81A,5580,2024
RUNNM8R81A,6365,2025
RUNNX6HFAS,-7138,2024
RUNNX6HFAS,7547,2025
ARCHB1A3BF,5440,2024
ARCHB1A3BF,6237,2025
CRICYONO7A,5814,2024
CRICYONO7A,6322,2025
RUNNY2B1NS,7318,2024
RUNNY2B1NS,7494,2025
TENNSX9E2N,2536,2024
TENNSX9E2N,2789,2025
CRICMFS8TU,3901,2024
CRICMFS8TU,4208,2025
CRICQ0FXME,-1326,2024
CRICQ0FXME,1614,2025
BOXIWF0882,1636,2024
BOXIWF0882,2307,2025
CRICKJEBZ1,4180,2024
CRICKJEBZ1,4394,2025
ARCH096NHT,7206,2024
ARCH096NHT,7869,2025
YOGA4CWZ8Y,5172,2024
YOGA4CWZ8Y,5308,2025
FOOTXLGAHY,693,2024
FOOTXLGAHY,1416,2025
BOXIG9A0U9,6212,2024
BOXIG9A0U9,6317,2025
TENN7DJN89,6544,2024
TENN7DJN89,6674,2025
TENNHXFU3K,5793,2024
TENNHXFU3K,6077,2025
BOXIP8Z9S3,3681,2024
BOXIP8Z9S3,4262,2025
TENNWJ6IDZ,1673,2024
TENNWJ6IDZ,2467,2025
BADMTFWKX0,7408,2024
BADMTFWKX0,0,2025
RUNN9NQ1BS,4549,2024
RUNN9NQ1BS,5196,2025
BOXIEV8YNH,3715,2024
BOXIEV8YNH,4247,2025
BADMIAQXSV,6337,2024
BADMIAQXSV,6808,2025
YOGAHI4864,6841,2024
YOGAHI4864,6986,2025
RUNNQNFIOG,7626,2024
RUNNQNFIOG,8227,2025
BADMQ5W7W0,2836,2024
BADMQ5W7W0,3596,2025
FOOT8R0FE8,6727,2024
FOOT8R0FE8,7360,2025
CYCLYCDDL9,3669,2024
CYCLYCDDL9,4063,2025
BOXIC6JCK7,5541,2024
BOXIC6JCK7,5714,2025
CYCLESTENL,5798,2024
CYCLESTENL,6566,2025
RUNN4RG4GV,987,2024
RUNN4RG4GV,1615,2025
ARCHO2QU46,3375,2024
ARCHO2QU46,4114,2025
CYCL6XSAQE,7861,2024
CYCL6XSAQE,8493,2025
CYCLG2URU3,2942,2024
CYCLG2URU3,3378,2025
ARCHVB5C80,1733,2024
ARCHVB5C80,2348,2025
CAMPIE3LU1,6226,2024
CAMPIE3LU1,6384,2025
BASK85LSUD,2906,2024
BASK85LSUD,3561,2025
ARCHQMTV1J,1917,2024
ARCHQMTV1J,2296,2025
CYCLN54WY8,3197,2024
CYCLN54WY8,3456,2025
BOXIZ8XN85,3860,2024
BOXIZ8XN85,4166,2025
BASKMKDZKM,6582,2024
BASKMKDZKM,7073,2025
CRICJ8LSAA,6309,2024
CRICJ8LSAA,7019,2025
BASK0RBHFM,7763,2024
BASK0RBHFM,8511,2025
CRICA30T6I,7770,2024
CRICA30T6I,8453,2025
BOXIT1FGD9,4767,2024
BOXIT1FGD9,4963,2025
RUNN3CESE3,0,2024
RUNN3CESE3,4812,2025
BOXIV8UW2O,7278,2024
BOXIV8UW2O,7721,2025
CYCLKE3EVA,1331,2024
CYCLKE3EVA,1600,2025
CYCLZEVUPQ,3163,2024
CYCLZEVUPQ,3325,2025
BASKG6Z7EJ,6928,2024
BASKG6Z7EJ,0,2025
YOGAHOFC66,3744,2024
YOGAHOFC66,4463,2025
CRICIA69X2,3605,2024
CRICIA69X2,3886,2025
BASKVL0CQA,820,2024
BASKVL0CQA,1041,2025
ARCHO7GHAA,2868,2024
ARCHO7GHAA,3146,2025
BOXIYQYDBF,1878,2024
BOXIYQYDBF,-2438,2025
CRICO8C28Y,1780,2024
CRICO8C28Y,2137,2025
TENNU10NWN,1612,2024
TENNU10NWN,2130,2025
BASK9A9KLB,6064,2024
BASK9A9KLB,6291,2025
YOGAX8RUTM,1084,2024
YOGAX8RUTM,1686,2025
BASKVSIUVR,4566,2024
BASKVSIUVR,4857,2025
BADMUX41M6,3167,2024
BADMUX41M6,3630,2025
BADMFCWHRZ,1090,2024
BADMFCWHRZ,1851,2025
SWIMHWPQ29,2039,2024
SWIMHWPQ29,2593,2025
SWIMQ182E5,1651,2024
SWIMQ182E5,1869,2025
CRICAA01QC,796,2024
CRICAA01QC,1179,2025
CYCLMV54BA,2206,2024
CYCLMV54BA,2378,2025
YOGANU7O8Y,2661,2024
YOGANU7O8Y,2909,2025
BASKJQJUCL,3657,2024
BASKJQJUCL,4233,2025
CRICS3FDXO,7450,2024
CRICS3FDXO,8194,2025
BOXIRH1D1B,6757,2024
BOXIRH1D1B,7256,2025
YOGA3Q7JMP,7703,2024
YOGA3Q7JMP,7989,2025
CYCL9WWDZK,6562,2024
CYCL9WWDZK,7063,2025
RUNNEUSYV5,1593,2024
RUNNEUSYV5,1984,2025
BASKJMFBPW,2288,2024
BASKJMFBPW,2497,2025
TENN5IIT74,3464,2024
TENN5IIT74,3634,2025
FOOT9FP2G0,3405,2024
FOOT9FP2G0,3648,2025
BASK8KZVZH,2117,2024
BASK8KZVZH,2537,2025
YOGA1BV9J2,-7333,2024
YOGA1BV9J2,8067,2025
YOGAFWTU0Q,2443,2024
YOGAFWTU0Q,3009,2025
RUNNXGD29O,3984,2024
RUNNXGD29O,4413,2025
FOOT60U2RL,2924,2024
FOOT60U2RL,3324,2025
FOOTOATOLE,6532,2024
FOOTOATOLE,7108,2025
ARCHGNVHNX,1931,2024
ARCHGNVHNX,2715,2025
YOGAYRFNYE,5005,2024
YOGAYRFNYE,5547,2025
YOGA6X3ZJ1,3752,2024
YOGA6X3ZJ1,4246,2025
CAMPQEMZKT,5772,2024
CAMPQEMZKT,6178,2025
SWIMNSL9F0,1979,2024
SWIMNSL9F0,2427,2025
RUNN3BN6R7,6323,2024
RUNN3BN6R7,7072,2025
CRICISSQXO,5873,2024
CRICISSQXO,6480,2025
TENNRJTECA,3326,2024
TENNRJTECA,4097,2025
CAMPA5FQ7P,5253,2024
CAMPA5FQ7P,5884,2025
BADMCU6ADG,5576,2024
BADMCU6ADG,5709,2025
CRIC145VRJ,4874,2024
CRIC145VRJ,5463,2025
FOOTZFHAZL,5330,2024
FOOTZFHAZL,5524,2025
BASKX0220Y,7189,2024
BASKX0220Y,7840,2025
BASK4NUSP6,3568,2024
BASK4NUSP6,4352,2025
YOGASOQNWX,2535,2024
YOGASOQNWX,2805,2025
BASKHRJD7L,1606,2024
BASKHRJD7L,1905,2025
TENNPF3X6R,4510,2024
TENNPF3X6R,4640,2025
BASKR5N7L9,6592,2024
BASKR5N7L9,7308,2025
BASK8MX9HI,961,2024
BASK8MX9HI,1330,2025
SWIME96UP7,3864,2024
SWIME96UP7,4261,2025
BADM55IHIJ,-6042,2024
BADM55IHIJ,6328,2025
CRICAMPJ65,5363,2024
CRICAMPJ65,5975,2025
FOOTTHS8RT,7382,2024
FOOTTHS8RT,7851,2025
CYCLCXVIN3,7324,2024
CYCLCXVIN3,-7559,2025
YOGAJ9H6D4,2649,2024
YOGAJ9H6D4,3169,2025
YOGA7KAIIR,3060,2024
YOGA7KAIIR,3718,2025
ARCHLNLWXA,2564,2024
ARCHLNLWXA,2912,2025
SWIM0MVCKN,5096,2024
SWIM0MVCKN,5324,2025
CRICESWZSQ,5388,2024
CRICESWZSQ,6073,2025
YOGADBGV5E,-6035,2024
YOGADBGV5E,6394,2025
BASK47G9GE,7301,2024
BASK47G9GE,8068,2025
FOOTN4U8MR,6551,2024
FOOTN4U8MR,7074,2025
YOGAOESP50,3154,2024
YOGAOESP50,3842,2025
CRICPXVBLH,3607,2024
CRICPXVBLH,4399,2025
CRIC4ZLCBT,3524,2024
CRIC4ZLCBT,4196,2025
RUNNQ0B79S,1925,2024
RUNNQ0B79S,2229,2025
CAMPPX419U,3595,2024
CAMPPX419U,4361,2025
ARCHTJK8XO,4999,2024
ARCHTJK8XO,5694,2025
CRICB99L6G,5436,2024
CRICB99L6G,5846,2025
TENNBT09H4,7938,2024
TENNBT09H4,8313,2025
BADMK4CG9S,4390,2024
BADMK4CG9S,-5063,2025
FOOTVW8XK0,2969,2024
FOOTVW8XK0,3767,2025
BOXIV5MVPH,2864,2024
BOXIV5MVPH,3571,2025
RUNNVL9MBO,5249,2024
RUNNVL9MBO,5416,2025
BASK5I0UR7,3808,2024
BASK5I0UR7,4107,2025
CRIC4VJC0O,1009,2024
CRIC4VJC0O,1439,2025
FOOT2WMNEE,7807,2024
FOOT2WMNEE,8161,2025
CAMPRURV17,-6436,2024
CAMPRURV17,6837,2025
ARCHQTZKFS,1518,2024
ARCHQTZKFS,2269,2025
CYCLW4U2ZF,7031,2024
CYCLW4U2ZF,7464,2025
BADMVIP80X,0,2024
BADMVIP80X,3398,2025
