product_code,division,category,product,variant
YOGAZH665F,Yoga,Safety,Yoga Safety Series,Kids
FOOTKQJWOH,Football,Training,Football Training Series,Elite
RUNNTEWIQ5,Running,Accesories,Running Accessories Series,Standard
FOOTDVSUDM,Football,Training,Football Training Series,Elite
TENNBHG8TI,Tennis,Equipmnt,Tennis Equipment Series,Medium
CRICYUKGHF,Cricket,Recovery,Cricket Recovery Series,Universal
RUNNM26219,Running,Recovery,Running Recovery Series,Elite
BASKV9OQU5,Basketball,Hydration,Basketball Hydration Series,Small
BOXIULNIN5,Boxing,Recovery,Boxing Recovery Series,Basic
CRICEFMXF2,Cricket,Accesories,Cricket Accessories Series,Pro
FOOTENB1XE,Football,Recovery,Football Recovery Series,Kids
FOOTWCUT7N,Football,Footwear,Football Footwear Series,Standard
RUNNJT9ANL,Running,Equipmnt,Running Equipment Series,Small
BADM15KIYT,Badminton,Hydration,Badminton Hydration Series,Kids
FOOTYV5DHT,Football,Apparel,Football Apparel Series,Medium
FOOTR124SA,Football,Safety,Football Safety Series,Large
CYCLYQ3GW9,Cycling,Training,Cycling Training Series,Medium
RUNNURALK0,Running,Equipmnt,Running Equipment Series,Small
TENNS4WA1L,Tennis,Equipmnt,Tennis Equipment Series,Pro
FOOT0JL7H7,Football,Apparel,Football Apparel Series,Small
ARCHJ5WJQ1,Archery,Equipmnt,Archery Equipment Series,Kids
RUNNKD6X8G,Running,Apparel,Running Apparel Series,Medium
CYCLB2QY2G,Cycling,Recovery,Cycling Recovery Series,Large
RUNNXDA371,Running,Equipmnt,Running Equipment Series,Standard
FOOTMJWJ13,Football,Recovery,Football Recovery Series,Universal
BADM6UF29Z,Badminton,Hydration,Badminton Hydration Series,Large
BADM93L9OX,Badminton,Equipmnt,Badminton Equipment Series,Kids
SWIMGWNPAV,Swimming,Equipmnt,Swimming Equipment Series,Elite
CRICQSF6VG,Cricket,Recovery,Cricket Recovery Series,Small
BADMID9AH9,Badminton,Accesories,Badminton Accessories Series,Kids
ARCH5W3I7W,Archery,Footwear,Archery Footwear Series,Large
SWIMNHFBMM,Swimming,Recovery,Swimming Recovery Series,Basic
ARCHGO8ZYO,Archery,Accesories,Archery Accessories Series,Large
CAMPXGETVZ,Camping,Equipmnt,Camping Equipment Series,Universal
CRICD6WRPO,,Safety,Cricket Safety Series,Large
RUNN6SFWXC,Running,Training,Running Training Series,Medium
TENNZE5GNU,Tennis,Hydration,Tennis Hydration Series,Universal
BADMW38OD1,Badminton,Accesories,Badminton Accessories Series,Elite
RUNNSKP2YV,,Hydration,Running Hydration Series,Medium
CYCLXEUF4J,Cycling,Apparel,Cycling Apparel Series,Large
BADMF0ZB2Z,Badminton,Apparel,Badminton Apparel Series,Kids
FOOTOUB8IO,Football,Apparel,Football Apparel Series,Elite
ARCH7GMZLB,Archery,Hydration,Archery Hydration Series,Universal
FOOTH9J9YD,Football,Recovery,Football Recovery Series,Standard
RUNNXTNS3N,Running,Recovery,Running Recovery Series,Medium
FOOTEB9HRS,Football,Hydration,Football Hydration Series,Kids
YOGAI78QMA,Yoga,Training,Yoga Training Series,Elite
BASK6V1U5H,Basketball,Recovery,Basketball Recovery Series,Elite
CAMPMSV3GO,Camping,Footwear,Camping Footwear Series,Large
TENN0AZ43M,Tennis,Recovery,Tennis Recovery Series,Small
BASKBWSNJ6,Basketball,Apparel,Basketball Apparel Series,Pro
ARCHEFOFO4,Archery,Equipmnt,Archery Equipment Series,Small
BADMFW4BGN,Badminton,Apparel,Badminton Apparel Series,Basic
RUNN425QRZ,Running,Hydration,Running Hydration Series,Standard
BASK4N74EW,Basketball,Equipmnt,Basketball Equipment Series,Basic
CYCLCX6SOY,Cycling,Accesories,Cycling Accessories Series,Pro
CRICXXYA6W,Cricket,Training,Cricket Training Series,Basic
RUNN7LIQ9L,Running,Apparel,Running Apparel Series,Large
YOGAW95KNU,Yoga,Recovery,Yoga Recovery Series,Basic
FOOT4N2M55,Football,Safety,Football Safety Series,Universal
CYCL6A1X1J,Cycling,Footwear,Cycling Footwear Series,Small
RUNNW8P5EX,Running,Apparel,Running Apparel Series,Kids
BOXI71CVVJ,Boxing,Recovery,Boxing Recovery Series,Basic
CYCLQX0N92,Cycling,Recovery,Cycling Recovery Series,Universal
CAMPO0RJDS,Camping,Footwear,Camping Footwear Series,Universal
CRIC1WME0D,Cricket,Footwear,Cricket Footwear Series,Medium
ARCHQAMVB1,Archery,Recovery,Archery Recovery Series,Large
YOGANUF9VH,Yoga,Accesories,Yoga Accessories Series,Large
BASKNLZ15I,,Hydration,Basketball Hydration Series,Universal
BADM3Y1O57,Badminton,Apparel,Badminton Apparel Series,Elite
CYCLS6IE8G,Cycling,Training,Cycling Training Series,Elite
TENN1EGXF1,Tennis,Hydration,Tennis Hydration Series,Medium
ARCHBD5RZI,Archery,Hydration,Archery Hydration Series,Medium
CYCLMB6VO9,Cycling,Apparel,Cycling Apparel Series,Large
RUNNUK80VF,Running,Accesories,Running Accessories Series,Basic
ARCHGSBZ20,Archery,Equipmnt,Archery Equipment Series,Kids
BADMK6P1PN,Badminton,Safety,Badminton Safety Series,Medium
SWIMDVFM52,Swimming,Accesories,Swimming Accessories Series,Universal
SWIMC937LB,Swimming,Footwear,Swimming Footwear Series,Pro
ARCHZXDJ1B,Archery,Accesories,Archery Accessories Series,Elite
FOOTNCSK9C,Football,Safety,Football Safety Series,Basic
YOGA1UTDA6,Yoga,Footwear,Yoga Footwear Series,Universal
BADML8Q3A2,Badminton,Recovery,Badminton Recovery Series,Standard
BASK8RJBEM,Basketball,Training,Basketball Training Series,Large
RUNNPEYDFQ,Running,Hydration,Running Hydration Series,Large
CAMP6N3HVE,Camping,Training,Camping Training Series,Basic
YOGAJJOJMP,Yoga,Accesories,Yoga Accessories Series,Large
CAMPPG048A,Camping,Training,Camping Training Series,Elite
BOXI6EMTCM,Boxing,Hydration,Boxing Hydration Series,Basic
SWIMXTL8QH,,Footwear,Swimming Footwear Series,Pro
RUNNDIXWX9,Running,Hydration,Running Hydration Series,Elite
TENNGJUX50,Tennis,Safety,Tennis Safety Series,Small
TENNHUVUU7,Tennis,Equipmnt,Tennis Equipment Series,Small
CAMPIJ1H17,Camping,Apparel,Camping Apparel Series,Standard
RUNNCPVQU1,Running,Hydration,Running Hydration Series,Universal
CYCLQC7L78,Cycling,Recovery,Cycling Recovery Series,Medium
BOXILGX2C9,Boxing,Apparel,Boxing Apparel Series,Pro
BADM2PV64W,Badminton,Accesories,Badminton Accessories Series,Medium
BADMC5XW3D,Badminton,Recovery,Badminton Recovery Series,Pro
RUNNA0WT1N,Running,Apparel,Running Apparel Series,Universal
BASKMDV5TV,Basketball,Hydration,Basketball Hydration Series,Basic
TENNRP07IB,Tennis,Hydration,Tennis Hydration Series,Standard
YOGAO9JGXC,Yoga,Apparel,Yoga Apparel Series,Large
BADM1N7O6K,Badminton,Safety,Badminton Safety Series,Basic
YOGAFRE3DR,Yoga,Apparel,Yoga Apparel Series,Small
ARCHQ80YO3,Archery,Footwear,Archery Footwear Series,Elite
CRICVQQAYC,Cricket,Safety,Cricket Safety Series,Elite
BOXICXV11L,Boxing,Accesories,Boxing Accessories Series,Medium
CYCLC76013,Cycling,Hydration,Cycling Hydration Series,Medium
ARCHZSZECA,Archery,Apparel,Archery Apparel Series,Standard
CYCL95GHVV,Cycling,Footwear,Cycling Footwear Series,Standard
BOXIFHMK5F,Boxing,Hydration,Boxing Hydration Series,Universal
TENNETO86T,Tennis,Accesories,Tennis Accessories Series,Large
CYCLKIBEO8,Cycling,Apparel,Cycling Apparel Series,Universal
SWIMXB1NTC,Swimming,Safety,Swimming Safety Series,Universal
TENNU3ZOT2,Tennis,Apparel,Tennis Apparel Series,Small
TENNWOMXKK,Tennis,Training,Tennis Training Series,Basic
CRICK5WIMM,Cricket,Training,Cricket Training Series,Elite
FOOT3XNH85,Football,Apparel,Football Apparel Series,Pro
BOXIHJQM8Y,Boxing,Hydration,Boxing Hydration Series,Universal
YOGAH5XU3S,Yoga,Hydration,Yoga Hydration Series,Medium
FOOTO4ATUF,Football,Hydration,Football Hydration Series,Standard
ARCHQ8BT6Y,Archery,Training,Archery Training Series,Small
YOGADI2TUC,Yoga,Hydration,Yoga Hydration Series,Pro
BOXIR51INB,Boxing,Hydration,Boxing Hydration Series,Small
CRICCLSSF0,Cricket,Safety,Cricket Safety Series,Elite
TENN0VBIPV,,Accesories,Tennis Accessories Series,Standard
BOXIJ3C9XB,Boxing,Hydration,Boxing Hydration Series,Large
CRIC83JT6X,Cricket,Hydration,Cricket Hydration Series,Standard
RUNNDJJ38L,Running,Safety,Running Safety Series,Small
SWIMSG4V35,Swimming,Apparel,Swimming Apparel Series,Small
ARCHWOXQ1F,Archery,Apparel,Archery Apparel Series,Universal
ARCH8RKMMR,Archery,Equipmnt,Archery Equipment Series,Medium
CAMP6INM9W,Camping,Hydration,Camping Hydration Series,Large
YOGAK902ZP,Yoga,Apparel,Yoga Apparel Series,Pro
YOGANBDL8B,Yoga,Equipmnt,Yoga Equipment Series,Medium
YOGADPOTM0,,Footwear,Yoga Footwear Series,Small
YOGAIN68VR,,Apparel,Yoga Apparel Series,Standard
FOOT4WV3Z7,Football,Training,Football Training Series,Large
TENNM6BKO1,Tennis,Training,Tennis Training Series,Basic
BASKUBM50R,Basketball,Training,Basketball Training Series,Large
CYCL6HB62S,Cycling,Apparel,Cycling Apparel Series,Kids
CAMPL7YPRM,Camping,Footwear,Camping Footwear Series,Elite
BADMVS8NI0,Badminton,Recovery,Badminton Recovery Series,Universal
TENNBEDCYF,Tennis,Equipmnt,Tennis Equipment Series,Kids
CYCL4AZQJ9,Cycling,Training,Cycling Training Series,Pro
BASKQMZC1T,Basketball,Safety,Basketball Safety Series,Basic
ARCH10X288,Archery,Accesories,Archery Accessories Series,Pro
BASK48ZUXT,Basketball,Safety,Basketball Safety Series,Medium
TENNC1V6MC,Tennis,Equipmnt,Tennis Equipment Series,Pro
SWIMEO1B6N,Swimming,Safety,Swimming Safety Series,Standard
SWIM26IZI4,,Equipmnt,Swimming Equipment Series,Kids
YOGAMUQYRO,Yoga,Hydration,Yoga Hydration Series,Elite
CRICCO3XA0,Cricket,Apparel,Cricket Apparel Series,Small
TENNV0P7RF,Tennis,Apparel,Tennis Apparel Series,Standard
CYCLMRY3JP,Cycling,Accesories,Cycling Accessories Series,Kids
BADM2YQ163,Badminton,Safety,Badminton Safety Series,Pro
CYCLCBAN9X,Cycling,Accesories,Cycling Accessories Series,Medium
CRICVQ9KY3,Cricket,Footwear,Cricket Footwear Series,Small
CYCL2VH6D3,Cycling,Safety,Cycling Safety Series,Elite
SWIMZCSTMF,Swimming,Training,Swimming Training Series,Basic
BOXIJFHQUW,Boxing,Training,Boxing Training Series,Large
FOOT6DG3P2,Football,Accesories,Football Accessories Series,Standard
BADMDLVCZA,Badminton,Footwear,Badminton Footwear Series,Pro
BOXI1QJ41I,Boxing,Equipmnt,Boxing Equipment Series,Pro
ARCH9B4S5Z,,Footwear,Archery Footwear Series,Small
SWIMEBCJME,Swimming,Apparel,Swimming Apparel Series,Pro
BADM0L7QX3,Badminton,Apparel,Badminton Apparel Series,Elite
SWIMCDJQ75,Swimming,Recovery,Swimming Recovery Series,Small
ARCHUQ7TAW,Archery,Safety,Archery Safety Series,Kids
CYCL7YK5VG,Cycling,Recovery,Cycling Recovery Series,Medium
RUNNEV4VPE,Running,Safety,Running Safety Series,Pro
BASKCWW56G,Basketball,Training,Basketball Training Series,Pro
RUNNX7TWC7,Running,Footwear,Running Footwear Series,Elite
RUNNPOPVP1,Running,Apparel,Running Apparel Series,Basic
TENNZ3J3UW,Tennis,Recovery,Tennis Recovery Series,Basic
BOXI97HM51,Boxing,Apparel,Boxing Apparel Series,Basic
TENNOHBF5Q,Tennis,Footwear,Tennis Footwear Series,Standard
BASK2WZP6S,Basketball,Training,Basketball Training Series,Pro
ARCH5H8D5E,Archery,Hydration,Archery Hydration Series,Universal
FOOT32X3BR,Football,Hydration,Football Hydration Series,Medium
BOXI0DM9KE,Boxing,Hydration,Boxing Hydration Series,Pro
BOXIYJQ4P6,Boxing,Equipmnt,Boxing Equipment Series,Universal
BOXII64SCL,Boxing,Equipmnt,Boxing Equipment Series,Elite
FOOT1URTZ3,Football,Hydration,Football Hydration Series,Universal
CRICGAUBI4,Cricket,Footwear,Cricket Footwear Series,Elite
CAMPF0K2W5,Camping,Accesories,Camping Accessories Series,Small
BOXIIG7ZKK,Boxing,Equipmnt,Boxing Equipment Series,Small
CAMPOO9C4C,Camping,Accesories,Camping Accessories Series,Pro
CRICEUSIBY,Cricket,Footwear,Cricket Footwear Series,Standard
BADMWFQ2XO,Badminton,Training,Badminton Training Series,Kids
RUNNYEUASU,Running,Equipmnt,Running Equipment Series,Elite
BADMY5YSHJ,Badminton,Recovery,Badminton Recovery Series,Basic
YOGASFEKLE,,Training,Yoga Training Series,Elite
SWIM5T04XJ,Swimming,Training,Swimming Training Series,Medium
BADMH37CQV,Badminton,Recovery,Badminton Recovery Series,Standard
CYCLR8TAPF,Cycling,Accesories,Cycling Accessories Series,Large
ARCHG3PYJ1,Archery,Footwear,Archery Footwear Series,Elite
BADMML1RSQ,Badminton,Hydration,Badminton Hydration Series,Pro
BASK7UARTE,Basketball,Training,Basketball Training Series,Pro
BOXIYLAB4B,Boxing,Equipmnt,Boxing Equipment Series,Medium
TENNHJLUZO,Tennis,Recovery,Tennis Recovery Series,Kids
BADMB4XFAI,Badminton,Recovery,Badminton Recovery Series,Universal
CAMP1DXL9C,Camping,Footwear,Camping Footwear Series,Standard
TENNJ5YR6T,Tennis,Apparel,Tennis Apparel Series,Medium
RUNN5JETGI,Running,Recovery,Running Recovery Series,Universal
BOXIM0IPF3,Boxing,Equipmnt,Boxing Equipment Series,Medium
BADMAVCL65,Badminton,Footwear,Badminton Footwear Series,Elite
BASKM1MLIL,Basketball,Training,Basketball Training Series,Large
RUNNR1VIWT,,Hydration,Running Hydration Series,Large
RUNNL85QIK,Running,Training,Running Training Series,Kids
SWIMKMWBF4,Swimming,Hydration,Swimming Hydration Series,Basic
RUNN8MJV50,Running,Safety,Running Safety Series,Basic
YOGATBAICH,Yoga,Apparel,Yoga Apparel Series,Elite
RUNNYTTWB1,Running,Hydration,Running Hydration Series,Pro
BOXICZMPD9,Boxing,Hydration,Boxing Hydration Series,Elite
CYCLCTHQW6,Cycling,Footwear,Cycling Footwear Series,Kids
RUNN8UANCW,Running,Hydration,Running Hydration Series,Pro
SWIMFS4E7X,Swimming,Footwear,Swimming Footwear Series,Basic
RUNNS0BGUV,,Apparel,Running Apparel Series,Elite
CRIC2P8ZA9,Cricket,Training,Cricket Training Series,Large
BADM0HBAED,Badminton,Hydration,Badminton Hydration Series,Medium
CYCL0ZK57A,Cycling,Safety,Cycling Safety Series,Small
RUNNOM0EQ9,Running,Accesories,Running Accessories Series,Basic
RUNNMQP0M1,Running,Apparel,Running Apparel Series,Elite
TENNXVSO7W,Tennis,Training,Tennis Training Series,Pro
CRIC96QUUQ,Cricket,Apparel,Cricket Apparel Series,Small
FOOTVLB3VZ,Football,Footwear,Football Footwear Series,Large
BOXIFE7WCG,Boxing,Apparel,Boxing Apparel Series,Pro
CRICSYH7ON,Cricket,Hydration,Cricket Hydration Series,Small
CYCLD0TYR8,,Hydration,Cycling Hydration Series,Pro
BASKP0ATYZ,Basketball,Recovery,Basketball Recovery Series,Universal
BADMVO513X,Badminton,Hydration,Badminton Hydration Series,Standard
ARCH0DR35U,Archery,Hydration,Archery Hydration Series,Universal
CAMPKQD9X0,Camping,Footwear,Camping Footwear Series,Standard
BOXI7IYQB0,Boxing,Footwear,Boxing Footwear Series,Small
ARCHQT4YJT,Archery,Apparel,Archery Apparel Series,Basic
RUNND3XBZI,Running,Apparel,Running Apparel Series,Standard
TENNG7369T,Tennis,Hydration,Tennis Hydration Series,Pro
CRICZCJAHW,Cricket,Accesories,Cricket Accessories Series,Medium
SWIMYUE8GW,Swimming,Training,Swimming Training Series,Small
TENNY78Z52,Tennis,Equipmnt,Tennis Equipment Series,Kids
CAMPRZOVGM,Camping,Accesories,Camping Accessories Series,Small
SWIMUS6WWI,Swimming,Footwear,Swimming Footwear Series,Large
BADMXO2L54,Badminton,Hydration,Badminton Hydration Series,Standard
CRICUL23U5,Cricket,Accesories,Cricket Accessories Series,Kids
TENNN025IE,Tennis,Apparel,Tennis Apparel Series,Kids
TENNTM53MN,Tennis,Apparel,Tennis Apparel Series,Basic
BASKFYXTRB,Basketball,Accesories,Basketball Accessories Series,Basic
CRICI13WW4,Cricket,Footwear,Cricket Footwear Series,Medium
CYCLMLNLWQ,Cycling,Training,Cycling Training Series,Pro
FOOTQEH0L2,Football,Hydration,Football Hydration Series,Universal
CRICOPG8LF,Cricket,Equipmnt,Cricket Equipment Series,Standard
SWIM8T3O0T,Swimming,Apparel,Swimming Apparel Series,Standard
BOXI46YC07,Boxing,Equipmnt,Boxing Equipment Series,Kids
RUNNUHS45V,Running,Accesories,Running Accessories Series,Basic
CYCLFT8H04,Cycling,Footwear,Cycling Footwear Series,Standard
BASKBDUZ2F,Basketball,Safety,Basketball Safety Series,Elite
BOXIQWZJ9H,Boxing,Hydration,Boxing Hydration Series,Elite
FOOTWUTXJX,Football,Safety,Football Safety Series,Small
FOOTI4H9WW,Football,Training,Football Training Series,Pro
ARCHPRFUYN,Archery,Safety,Archery Safety Series,Medium
ARCHP0K2A2,Archery,Footwear,Archery Footwear Series,Kids
CYCLG8JJSG,Cycling,Equipmnt,Cycling Equipment Series,Kids
SWIMMKVYI5,Swimming,Hydration,Swimming Hydration Series,Kids
RUNN6MFADX,Running,Accesories,Running Accessories Series,Large
CAMPC8F4A8,Camping,Equipmnt,Camping Equipment Series,Basic
BASK6M6CDY,Basketball,Hydration,Basketball Hydration Series,Large
RUNNM8R81A,Running,Training,Running Training Series,Pro
RUNNX6HFAS,Running,Apparel,Running Apparel Series,Standard
ARCHB1A3BF,Archery,Apparel,Archery Apparel Series,Kids
CRICYONO7A,Cricket,Training,Cricket Training Series,Universal
RUNNY2B1NS,Running,Training,Running Training Series,Kids
TENNSX9E2N,Tennis,Apparel,Tennis Apparel Series,Standard
CRICMFS8TU,Cricket,Training,Cricket Training Series,Basic
CRICQ0FXME,Cricket,Equipmnt,Cricket Equipment Series,Large
BOXIWF0882,Boxing,Apparel,Boxing Apparel Series,Small
CRICKJEBZ1,Cricket,Apparel,Cricket Apparel Series,Medium
ARCH096NHT,Archery,Equipmnt,Archery Equipment Series,Medium
YOGA4CWZ8Y,Yoga,Apparel,Yoga Apparel Series,Medium
FOOTXLGAHY,,Training,Football Training Series,Kids
BOXIG9A0U9,Boxing,Apparel,Boxing Apparel Series,Small
TENN7DJN89,Tennis,Equipmnt,Tennis Equipment Series,Elite
TENNHXFU3K,Tennis,Equipmnt,Tennis Equipment Series,Medium
BOXIP8Z9S3,Boxing,Equipmnt,Boxing Equipment Series,Standard
TENNWJ6IDZ,Tennis,Hydration,Tennis Hydration Series,Large
BADMTFWKX0,Badminton,Recovery,Badminton Recovery Series,Basic
RUNN9NQ1BS,Running,Apparel,Running Apparel Series,Basic
BOXIEV8YNH,Boxing,Recovery,Boxing Recovery Series,Large
BADMIAQXSV,Badminton,Recovery,Badminton Recovery Series,Standard
YOGAHI4864,Yoga,Hydration,Yoga Hydration Series,Elite
RUNNQNFIOG,Running,Safety,Running Safety Series,Elite
BADMQ5W7W0,Badminton,Recovery,Badminton Recovery Series,Elite
FOOT8R0FE8,Football,Equipmnt,Football Equipment Series,Basic
CYCLYCDDL9,Cycling,Accesories,Cycling Accessories Series,Pro
BOXIC6JCK7,Boxing,Safety,Boxing Safety Series,Pro
CYCLESTENL,Cycling,Safety,Cycling Safety Series,Kids
RUNN4RG4GV,Running,Training,Running Training Series,Basic
ARCHO2QU46,Archery,Training,Archery Training Series,Elite
CYCL6XSAQE,Cycling,Hydration,Cycling Hydration Series,Small
CYCLG2URU3,Cycling,Footwear,Cycling Footwear Series,Medium
ARCHVB5C80,Archery,Apparel,Archery Apparel Series,Kids
CAMPIE3LU1,Camping,Footwear,Camping Footwear Series,Elite
BASK85LSUD,Basketball,Footwear,Basketball Footwear Series,Basic
ARCHQMTV1J,Archery,Footwear,Archery Footwear Series,Kids
CYCLN54WY8,Cycling,Apparel,Cycling Apparel Series,Large
BOXIZ8XN85,Boxing,Hydration,Boxing Hydration Series,Universal
BASKMKDZKM,Basketball,Accesories,Basketball Accessories Series,Universal
CRICJ8LSAA,Cricket,Hydration,Cricket Hydration Series,Standard
BASK0RBHFM,Basketball,Safety,Basketball Safety Series,Medium
CRICA30T6I,Cricket,Safety,Cricket Safety Series,Pro
BOXIT1FGD9,Boxing,Footwear,Boxing Footwear Series,Standard
RUNN3CESE3,Running,Equipmnt,Running Equipment Series,Large
BOXIV8UW2O,Boxing,Training,Boxing Training Series,Pro
CYCLKE3EVA,Cycling,Training,Cycling Training Series,Elite
CYCLZEVUPQ,Cycling,Footwear,Cycling Footwear Series,Pro
BASKG6Z7EJ,,Training,Basketball Training Series,Large
YOGAHOFC66,Yoga,Hydration,Yoga Hydration Series,Kids
CRICIA69X2,Cricket,Footwear,Cricket Footwear Series,Standard
BASKVL0CQA,Basketball,Hydration,Basketball Hydration Series,Pro
ARCHO7GHAA,Archery,Equipmnt,Archery Equipment Series,Elite
BOXIYQYDBF,,Apparel,Boxing Apparel Series,Standard
CRICO8C28Y,Cricket,Equipmnt,Cricket Equipment Series,Basic
TENNU10NWN,Tennis,Accesories,Tennis Accessories Series,Elite
BASK9A9KLB,Basketball,Accesories,Basketball Accessories Series,Large
YOGAX8RUTM,Yoga,Equipmnt,Yoga Equipment Series,Kids
BASKVSIUVR,,Accesories,Basketball Accessories Series,Kids
BADMUX41M6,Badminton,Recovery,Badminton Recovery Series,Universal
BADMFCWHRZ,Badminton,Apparel,Badminton Apparel Series,Standard
SWIMHWPQ29,Swimming,Equipmnt,Swimming Equipment Series,Standard
SWIMQ182E5,Swimming,Accesories,Swimming Accessories Series,Standard
CRICAA01QC,Cricket,Accesories,Cricket Accessories Series,Medium
CYCLMV54BA,Cycling,Training,Cycling Training Series,Small
YOGANU7O8Y,Yoga,Hydration,Yoga Hydration Series,Kids
BASKJQJUCL,Basketball,Apparel,Basketball Apparel Series,Universal
CRICS3FDXO,Cricket,Equipmnt,Cricket Equipment Series,Pro
BOXIRH1D1B,Boxing,Footwear,Boxing Footwear Series,Universal
YOGA3Q7JMP,Yoga,Accesories,Yoga Accessories Series,Large
CYCL9WWDZK,Cycling,Recovery,Cycling Recovery Series,Universal
RUNNEUSYV5,Running,Footwear,Running Footwear Series,Large
BASKJMFBPW,Basketball,Footwear,Basketball Footwear Series,Universal
TENN5IIT74,Tennis,Apparel,Tennis Apparel Series,Elite
FOOT9FP2G0,Football,Training,Football Training Series,Universal
BASK8KZVZH,Basketball,Safety,Basketball Safety Series,Universal
YOGA1BV9J2,Yoga,Accesories,Yoga Accessories Series,Kids
YOGAFWTU0Q,Yoga,Equipmnt,Yoga Equipment Series,Basic
RUNNXGD29O,Running,Apparel,Running Apparel Series,Medium
FOOT60U2RL,Football,Recovery,Football Recovery Series,Basic
FOOTOATOLE,Football,Training,Football Training Series,Small
ARCHGNVHNX,Archery,Apparel,Archery Apparel Series,Medium
YOGAYRFNYE,Yoga,Accesories,Yoga Accessories Series,Large
YOGA6X3ZJ1,Yoga,Recovery,Yoga Recovery Series,Kids
CAMPQEMZKT,Camping,Recovery,Camping Recovery Series,Kids
SWIMNSL9F0,Swimming,Accesories,Swimming Accessories Series,Pro
RUNN3BN6R7,,Accesories,Running Accessories Series,Small
CRICISSQXO,Cricket,Apparel,Cricket Apparel Series,Kids
TENNRJTECA,Tennis,Recovery,Tennis Recovery Series,Medium
CAMPA5FQ7P,Camping,Safety,Camping Safety Series,Small
BADMCU6ADG,Badminton,Equipmnt,Badminton Equipment Series,Large
CRIC145VRJ,Cricket,Training,Cricket Training Series,Medium
FOOTZFHAZL,Football,Training,Football Training Series,Basic
BASKX0220Y,Basketball,Safety,Basketball Safety Series,Elite
BASK4NUSP6,Basketball,Equipmnt,Basketball Equipment Series,Pro
YOGASOQNWX,Yoga,Accesories,Yoga Accessories Series,Kids
BASKHRJD7L,,Hydration,Basketball Hydration Series,Universal
TENNPF3X6R,Tennis,Equipmnt,Tennis Equipment Series,Standard
BASKR5N7L9,Basketball,Equipmnt,Basketball Equipment Series,Basic
BASK8MX9HI,Basketball,Apparel,Basketball Apparel Series,Medium
SWIME96UP7,Swimming,Safety,Swimming Safety Series,Medium
BADM55IHIJ,Badminton,Footwear,Badminton Footwear Series,Large
CRICAMPJ65,Cricket,Equipmnt,Cricket Equipment Series,Large
FOOTTHS8RT,Football,Accesories,Football Accessories Series,Basic
CYCLCXVIN3,Cycling,Hydration,Cycling Hydration Series,Elite
YOGAJ9H6D4,Yoga,Accesories,Yoga Accessories Series,Standard
YOGA7KAIIR,Yoga,Apparel,Yoga Apparel Series,Universal
ARCHLNLWXA,Archery,Safety,Archery Safety Series,Universal
SWIM0MVCKN,Swimming,Hydration,Swimming Hydration Series,Kids
CRICESWZSQ,Cricket,Safety,Cricket Safety Series,Small
YOGADBGV5E,Yoga,Recovery,Yoga Recovery Series,Elite
BASK47G9GE,Basketball,Equipmnt,Basketball Equipment Series,Medium
FOOTN4U8MR,Football,Hydration,Football Hydration Series,Medium
YOGAOESP50,Yoga,Training,Yoga Training Series,Standard
CRICPXVBLH,Cricket,Safety,Cricket Safety Series,Small
CRIC4ZLCBT,Cricket,Accesories,Cricket Accessories Series,Universal
RUNNQ0B79S,Running,Footwear,Running Footwear Series,Large
CAMPPX419U,Camping,Hydration,Camping Hydration Series,Small
ARCHTJK8XO,Archery,Apparel,Archery Apparel Series,Basic
CRICB99L6G,Cricket,Accesories,Cricket Accessories Series,Medium
TENNBT09H4,Tennis,Accesories,Tennis Accessories Series,Pro
BADMK4CG9S,Badminton,Footwear,Badminton Footwear Series,Pro
FOOTVW8XK0,,Footwear,Football Footwear Series,Basic
BOXIV5MVPH,Boxing,Hydration,Boxing Hydration Series,Universal
RUNNVL9MBO,Running,Accesories,Running Accessories Series,Medium
BASK5I0UR7,Basketball,Equipmnt,Basketball Equipment Series,Basic
CRIC4VJC0O,Cricket,Hydration,Cricket Hydration Series,Kids
FOOT2WMNEE,Football,Recovery,Football Recovery Series,Small
CAMPRURV17,Camping,Safety,Camping Safety Series,Large
ARCHQTZKFS,Archery,Equipmnt,Archery Equipment Series,Universal
CYCLW4U2ZF,Cycling,Recovery,Cycling Recovery Series,Large
BADMVIP80X,Badminton,Apparel,Badminton Apparel Series,Large
CAMPOO9C4C,Camping,Accesories,Camping Accessories Series,Pro
RUNNMQP0M1,Running,Apparel,Running Apparel Series,Elite
FOOT3XNH85,Football,Apparel,Football Apparel Series,Pro
YOGASOQNWX,Yoga,Accesories,Yoga Accessories Series,Kids
ARCHGSBZ20,Archery,Equipmnt,Archery Equipment Series,Kids
BADMWFQ2XO,Badminton,Training,Badminton Training Series,Kids
CRICZCJAHW,Cricket,Accesories,Cricket Accessories Series,Medium
CYCLMV54BA,Cycling,Training,Cycling Training Series,Small
ARCHTJK8XO,Archery,Apparel,Archery Apparel Series,Basic
TENNZ3J3UW,Tennis,Recovery,Tennis Recovery Series,Basic
BASKP0ATYZ,Basketball,Recovery,Basketball Recovery Series,Universal
CYCLFT8H04,Cycling,Footwear,Cycling Footwear Series,Standard
RUNNQNFIOG,Running,Safety,Running Safety Series,Elite
ARCHQ80YO3,Archery,Footwear,Archery Footwear Series,Elite
TENNXVSO7W,Tennis,Training,Tennis Training Series,Pro
