date,product_code,customer_code,sold_quantity
2025-12-02,CRICESWZSQ,70000149,65
2025-12-02,BOXIHJQM8Y,70000105,-87
02/12/2025,ARCHB1A3BF,70000059,83
2025-12-02,RUNN4RG4GV,70000140,81
02/12/2025,BASKR5N7L9,70000082,38
2025-12-02,BADMUX41M6,70000041,69
2025-12-02,BASK8MX9HI,70000141,24
2025-12-02,BASK5I0UR7,70000101,36
02/12/2025,CAMPMSV3GO,70000047,91
2025-12-02,ARCHGO8ZYO,70000123,27
02/12/2025,CYCLN54WY8,70000037,12
2025-12-02,SWIMXTL8QH,70000141,7
2025-12-02,BADMUX41M6,70000149,66
02/12/2025,CRICA30T6I,70000096,99
2025-12-02,RUNNXDA371,70000115,52
2025-12-02,RUNNXGD29O,70000006,47
2025-12-02,BOXILGX2C9,70000008,59
02/12/2025,CRICJ8LSAA,70000041,14
02/12/2025,CYCL95GHVV,70000073,77
2025-12-02,BADMAVCL65,70000030,55
2025-12-02,CRICESWZSQ,70000044,43
2025-12-02,CYCLD0TYR8,70000043,100
2025-12-02,ARCHGSBZ20,70000027,40
02/12/2025,FOOTQEH0L2,70000037,23
2025-12-02,BADM15KIYT,70000065,98
02/12/2025,YOGAIN68VR,70000088,83
02/12/2025,CRICGAUBI4,70000074,8
2025-12-02,RUNNUHS45V,70000067,35
2025-12-02,FOOTVLB3VZ,70000025,64
2025-12-02,TENNRP07IB,70000076,9
2025-12-02,CRICIA69X2,70000001,68
2025-12-02,YOGAJJOJMP,70000074,43
2025-12-02,FOOTN4U8MR,70000140,68
2025-12-02,CYCL6HB62S,70000017,77
2025-12-02,FOOTXLGAHY,70000015,95
2025-12-02,ARCHEFOFO4,70000009,62
02/12/2025,FOOT60U2RL,70000088,26
2025-12-02,RUNNEV4VPE,70000120,55
2025-12-02,CRIC145VRJ,70000055,75
2025-12-02,YOGANUF9VH,70000012,59
02/12/2025,RUNNKD6X8G,70000067,20
2025-12-02,FOOTH9J9YD,70000092,38
02/12/2025,YOGA4CWZ8Y,70000006,97
02/12/2025,ARCHQ8BT6Y,70000014,57
2025-12-02,BASKNLZ15I,70000022,24
2025-12-02,CRICESWZSQ,70000120,36
2025-12-02,CRICSYH7ON,70000095,19
2025-12-02,CRICS3FDXO,70000120,19
02/12/2025,FOOT32X3BR,70000033,65
2025-12-02,YOGAK902ZP,70000071,84
2025-12-02,CRICEFMXF2,70000004,40
2025-12-02,CYCLCBAN9X,70000078,80
02/12/2025,CRICVQ9KY3,70000005,40
2025-12-02,SWIMCDJQ75,70000024,52
2025-12-02,CAMP6INM9W,70000064,13
2025-12-02,BADMML1RSQ,70000145,85
2025-12-02,CYCLESTENL,70000034,63
2025-12-02,BADMTFWKX0,70000000,43
02/12/2025,RUNNUK80VF,70000042,94
2025-12-02,RUNNOM0EQ9,70000055,83
2025-12-02,CYCL2VH6D3,70000055,50
2025-12-02,RUNNOM0EQ9,70000075,11
2025-12-02,BADML8Q3A2,70000067,87
2025-12-02,CRICZCJAHW,70000099,25
02/12/2025,CAMPIE3LU1,70000078,43
2025-12-02,CYCLESTENL,70000102,62
2025-12-02,CRIC145VRJ,70000001,14
2025-12-02,SWIMYUE8GW,70000072,69
2025-12-02,CYCLG8JJSG,70000026,50
2025-12-02,RUNNURALK0,70000143,45
02/12/2025,TENNWJ6IDZ,70000082,95
2025-12-02,YOGAH5XU3S,70000136,68
2025-12-02,RUNN4RG4GV,70000137,14
2025-12-02,RUNNS0BGUV,70000085,33
2025-12-02,CAMP6N3HVE,70000077,83
2025-12-02,CRICPXVBLH,70000092,59
2025-12-02,SWIMCDJQ75,70000056,42
2025-12-02,FOOTENB1XE,70000081,20
2025-12-02,CRICK5WIMM,70000061,70
2025-12-02,CRICKJEBZ1,70000094,47
2025-12-02,FOOTOUB8IO,70000089,25
2025-12-02,RUNNXTNS3N,70000098,89
2025-12-02,SWIMXTL8QH,70000025,1
2025-12-02,BADMF0ZB2Z,70000028,97
2025-12-02,RUNNXDA371,70000024,34
02/12/2025,YOGAX8RUTM,70000059,-57
2025-12-02,BADM2YQ163,70000136,56
2025-12-02,BASKP0ATYZ,70000145,100
2025-12-02,YOGAZH665F,70000080,38
2025-12-02,RUNN6SFWXC,70000031,83
2025-12-02,YOGAIN68VR,70000007,85
2025-12-02,BASKMDV5TV,70000113,43
02/12/2025,CAMPPG048A,70000118,21
2025-12-02,RUNNOM0EQ9,70000076,10
2025-12-02,RUNNSKP2YV,70000065,75
2025-12-02,TENNN025IE,70000034,96
02/12/2025,CAMPPX419U,70000052,20
2025-12-02,SWIMCDJQ75,70000038,80
2025-12-02,RUNNEV4VPE,70000099,71
2025-12-02,TENNZE5GNU,70000068,71
02/12/2025,BOXI46YC07,70000016,17
2025-12-02,YOGA1BV9J2,70000090,44
2025-12-02,FOOTMJWJ13,70000108,44
2025-12-02,CRIC145VRJ,70000098,70
2025-12-02,SWIMSG4V35,70000065,10
2025-12-02,RUNNX6HFAS,70000119,7
02/12/2025,CYCL6A1X1J,70000031,40
2025-12-02,BASKFYXTRB,70000117,90
02/12/2025,BADMY5YSHJ,70000010,69
2025-12-02,FOOT2WMNEE,70000038,23
2025-12-02,CAMP6INM9W,70000126,58
2025-12-02,ARCH5W3I7W,70000101,75
02/12/2025,BADMFCWHRZ,70000148,40
2025-12-02,CRICYUKGHF,70000105,4
2025-12-02,RUNNYTTWB1,70000067,61
2025-12-02,CAMPF0K2W5,70000026,26
2025-12-02,BADMIAQXSV,70000093,16
2025-12-02,BASKMKDZKM,70000087,54
2025-12-02,BADMF0ZB2Z,70000079,16
2025-12-02,SWIMQ182E5,70000122,68
2025-12-02,RUNN6SFWXC,70000020,42
2025-12-02,FOOTN4U8MR,70000068,49
02/12/2025,BASK8MX9HI,70000125,73
2025-12-02,BADMK6P1PN,70000054,73
2025-12-02,RUNNR1VIWT,70000118,79
02/12/2025,YOGAJJOJMP,70000011,98
02/12/2025,BASKFYXTRB,70000072,84
02/12/2025,ARCHGSBZ20,70000106,54
2025-12-02,BOXICZMPD9,70000059,24
02/12/2025,BADMB4XFAI,70000029,18
2025-12-02,BASKBDUZ2F,70000127,5
02/12/2025,BASK8MX9HI,70000032,7
2025-12-02,FOOT9FP2G0,70000145,34
2025-12-02,FOOT4WV3Z7,70000021,12
2025-12-02,FOOTTHS8RT,70000003,13
2025-12-02,SWIME96UP7,70000144,58
2025-12-02,ARCHJ5WJQ1,70000055,70
2025-12-02,FOOTMJWJ13,70000091,45
2025-12-02,YOGAX8RUTM,70000017,59
2025-12-02,TENNPF3X6R,70000028,3
2025-12-02,TENNZE5GNU,70000068,69
2025-12-02,FOOTI4H9WW,70000062,6
2025-12-02,ARCHQ80YO3,70000117,71
2025-12-02,CRICYONO7A,70000098,-96
2025-12-02,CRICESWZSQ,70000077,4
2025-12-02,RUNN425QRZ,70000058,8
2025-12-02,BOXICXV11L,70000010,24
2025-12-02,RUNNW8P5EX,70000118,62
2025-12-02,TENNGJUX50,70000140,35
02/12/2025,CAMPA5FQ7P,70000136,20
2025-12-02,CYCL6HB62S,70000125,75
2025-12-02,TENNBHG8TI,70000110,69
02/12/2025,RUNNYTTWB1,70000104,74
2025-12-02,SWIM0MVCKN,70000031,16
2025-12-02,SWIMSG4V35,70000146,17
2025-12-02,CYCLW4U2ZF,70000005,34
2025-12-02,CAMPXGETVZ,70000028,5
2025-12-02,CYCLESTENL,70000030,15
2025-12-02,BADMFCWHRZ,70000032,56
02/12/2025,ARCHWOXQ1F,70000035,63
2025-12-02,FOOT4N2M55,70000050,5
2025-12-02,RUNNJT9ANL,70000105,15
2025-12-02,CRICB99L6G,70000104,59
2025-12-02,ARCHQ8BT6Y,70000104,23
2025-12-02,BASK6M6CDY,70000056,14
2025-12-02,BOXIG9A0U9,70000053,11
2025-12-02,ARCHTJK8XO,70000001,47
2025-12-02,RUNN4RG4GV,70000145,34
2025-12-02,CAMPQEMZKT,70000135,91
2025-12-02,CRICSYH7ON,70000102,84
2025-12-02,CRICA30T6I,70000024,71
2025-12-02,SWIMQ182E5,70000091,53
2025-12-02,TENN7DJN89,70000140,31
2025-12-02,ARCH0DR35U,70000094,75
2025-12-02,SWIMUS6WWI,70000094,81
2025-12-02,CYCLCXVIN3,70000132,70
2025-12-02,SWIME96UP7,70000083,61
2025-12-02,YOGA6X3ZJ1,70000085,93
2025-12-02,BOXIRH1D1B,70000101,31
02/12/2025,FOOT9FP2G0,70000141,40
02/12/2025,YOGA4CWZ8Y,70000002,55
2025-12-02,BOXIQWZJ9H,70000039,96
2025-12-02,BASK9A9KLB,70000108,65
2025-12-02,FOOTWUTXJX,70000043,70
2025-12-02,BASK4NUSP6,70000040,77
2025-12-02,TENNS4WA1L,70000100,87
2025-12-02,BADM6UF29Z,70000086,47
02/12/2025,CAMPC8F4A8,70000146,77
2025-12-02,SWIMKMWBF4,70000117,2
2025-12-02,BOXI71CVVJ,70000004,56
2025-12-02,CYCLG2URU3,70000054,87
2025-12-02,TENNBEDCYF,70000020,86
2025-12-02,FOOTI4H9WW,70000030,93
2025-12-02,CRICD6WRPO,70000113,38
2025-12-02,BADM3Y1O57,70000091,56
02/12/2025,CYCLYQ3GW9,70000023,55
2025-12-02,FOOT4WV3Z7,70000059,40
2025-12-02,FOOT9FP2G0,70000141,31
2025-12-02,SWIMSG4V35,70000096,58
2025-12-02,RUNN6MFADX,70000057,9
2025-12-02,CYCLW4U2ZF,70000080,17
2025-12-02,CRICESWZSQ,70000109,43
2025-12-02,CAMPA5FQ7P,70000101,83
2025-12-02,BASKV9OQU5,70000130,75
2025-12-02,RUNNW8P5EX,70000120,92
2025-12-02,RUNNURALK0,70000007,73
2025-12-02,ARCH0DR35U,70000045,-45
2025-12-02,ARCHQT4YJT,70000017,41
2025-12-02,FOOTI4H9WW,70000041,63
02/12/2025,RUNNQ0B79S,70000011,21
2025-12-02,FOOTQEH0L2,70000066,82
2025-12-02,BADMML1RSQ,70000122,26
2025-12-02,CYCLMLNLWQ,70000008,65
2025-12-02,FOOT4N2M55,70000044,45
2025-12-02,FOOT4N2M55,70000085,96
2025-12-02,CAMP6N3HVE,70000134,31
2025-12-02,BASKHRJD7L,70000124,15
2025-12-02,RUNNOM0EQ9,70000100,50
2025-12-02,YOGAFWTU0Q,70000052,42
2025-12-02,BASKVL0CQA,70000075,42
2025-12-02,FOOT60U2RL,70000002,24
2025-12-02,FOOTN4U8MR,70000126,44
2025-12-02,TENNWOMXKK,70000100,46
2025-12-02,YOGAFRE3DR,70000093,41
2025-12-02,ARCHJ5WJQ1,70000008,53
2025-12-02,CRICB99L6G,70000118,78
2025-12-02,YOGA6X3ZJ1,70000082,7
2025-12-02,FOOT1URTZ3,70000071,46
2025-12-02,SWIMC937LB,70000002,91
2025-12-02,CYCLKIBEO8,70000018,33
2025-12-02,CAMPA5FQ7P,70000122,91
2025-12-02,SWIMEBCJME,70000030,59
2025-12-02,CRICKJEBZ1,70000090,43
2025-12-02,CYCLESTENL,70000008,98
2025-12-02,CAMPIJ1H17,70000083,69
2025-12-02,BADM2PV64W,70000106,34
2025-12-02,BOXICXV11L,70000143,48
2025-12-02,SWIMDVFM52,70000066,44
2025-12-02,CYCL7YK5VG,70000111,84
2025-12-02,RUNN425QRZ,70000033,-53
2025-12-02,FOOTTHS8RT,70000004,56
2025-12-02,BOXIG9A0U9,70000059,92
2025-12-02,ARCHO7GHAA,70000091,98
2025-12-02,CRICA30T6I,70000134,41
02/12/2025,CRIC83JT6X,70000011,18
2025-12-02,SWIMMKVYI5,70000036,25
2025-12-02,BASKG6Z7EJ,70000025,3
2025-12-02,BOXI6EMTCM,70000113,59
2025-12-02,BADM0L7QX3,70000084,24
2025-12-02,YOGADBGV5E,70000091,26
2025-12-02,BOXI6EMTCM,70000126,60
2025-12-02,BASKM1MLIL,70000032,95
2025-12-02,RUNNUK80VF,70000028,19
2025-12-02,ARCHJ5WJQ1,70000033,5
2025-12-02,BASK8KZVZH,70000134,87
2025-12-02,BASKP0ATYZ,70000046,58
2025-12-02,SWIMKMWBF4,70000088,4
02/12/2025,RUNNVL9MBO,70000019,13
2025-12-02,TENNTM53MN,70000054,1
2025-12-02,FOOTKQJWOH,70000040,80
2025-12-02,BOXIHJQM8Y,70000000,71
2025-12-02,CAMPO0RJDS,70000095,49
2025-12-02,CRICAMPJ65,70000044,32
2025-12-02,BOXIEV8YNH,70000145,78
2025-12-02,CRIC2P8ZA9,70000136,11
02/12/2025,RUNN9NQ1BS,70000050,20
2025-12-02,SWIMEO1B6N,70000116,87
2025-12-02,BOXIIG7ZKK,70000113,15
2025-12-02,FOOTOUB8IO,70000142,71
2025-12-02,CRICCO3XA0,70000073,76
2025-12-02,BADMK6P1PN,70000062,4
2025-12-02,SWIMHWPQ29,70000066,10
2025-12-02,CAMPO0RJDS,70000101,64
2025-12-02,YOGAIN68VR,70000072,26
02/12/2025,SWIMC937LB,70000149,56
02/12/2025,CYCLCXVIN3,70000085,98
2025-12-02,CRICGAUBI4,70000131,16
2025-12-02,BOXIT1FGD9,70000136,31
2025-12-02,ARCHQTZKFS,70000086,86
2025-12-02,ARCHQ8BT6Y,70000134,4
2025-12-02,BADM3Y1O57,70000147,26
2025-12-02,YOGAK902ZP,70000131,24
2025-12-02,ARCHPRFUYN,70000148,92
02/12/2025,CAMPL7YPRM,70000109,74
2025-12-02,TENNU3ZOT2,70000131,18
2025-12-02,RUNNM8R81A,70000062,53
2025-12-02,YOGAH5XU3S,70000009,79
2025-12-02,YOGAX8RUTM,70000137,89
2025-12-02,RUNNVL9MBO,70000117,96
2025-12-02,CRICZCJAHW,70000098,94
2025-12-02,CRICK5WIMM,70000133,20
02/12/2025,CYCLCX6SOY,70000149,52
2025-12-02,CYCL6XSAQE,70000145,72
2025-12-02,SWIMNSL9F0,70000077,47
2025-12-02,BADM93L9OX,70000015,33
2025-12-02,CYCLD0TYR8,70000095,29
2025-12-02,CYCLFT8H04,70000127,93
2025-12-02,BADMK6P1PN,70000110,68
2025-12-02,ARCHB1A3BF,70000115,17
2025-12-02,CYCLQX0N92,70000046,62
2025-12-02,BOXIV8UW2O,70000049,84
2025-12-02,SWIMFS4E7X,70000062,48
2025-12-02,RUNNDIXWX9,70000109,3
02/12/2025,FOOTR124SA,70000009,52
2025-12-02,RUNNEV4VPE,70000046,94
2025-12-02,RUNNR1VIWT,70000006,98
02/12/2025,RUNNS0BGUV,70000052,33
2025-12-02,TENNZE5GNU,70000079,68
02/12/2025,BASK8MX9HI,70000116,60
2025-12-02,TENNXVSO7W,70000060,83
2025-12-02,ARCHBD5RZI,70000149,4
2025-12-02,ARCH5H8D5E,70000120,46
2025-12-02,YOGAW95KNU,70000026,10
2025-12-02,BASK2WZP6S,70000072,2
2025-12-02,SWIMCDJQ75,70000036,48
2025-12-02,ARCHVB5C80,70000015,97
2025-12-02,FOOTOUB8IO,70000028,30
2025-12-02,BASK8MX9HI,70000000,44
2025-12-02,TENNGJUX50,70000117,63
02/12/2025,RUNN6SFWXC,70000054,21
2025-12-02,BASKHRJD7L,70000078,69
2025-12-02,YOGAX8RUTM,70000065,31
2025-12-02,CYCLW4U2ZF,70000069,66
2025-12-02,BOXIYLAB4B,70000128,5
2025-12-02,RUNNDJJ38L,70000125,60
2025-12-02,RUNNEV4VPE,70000102,80
2025-12-02,CYCLYCDDL9,70000114,93
2025-12-02,RUNNR1VIWT,70000085,12
02/12/2025,BASKG6Z7EJ,70000043,3
02/12/2025,SWIMCDJQ75,70000094,71
2025-12-02,RUNN6SFWXC,70000110,4
2025-12-02,ARCHGO8ZYO,70000059,33
2025-12-02,CRIC96QUUQ,70000112,69
2025-12-02,CRICD6WRPO,70000045,15
02/12/2025,SWIM8T3O0T,70000136,43
2025-12-02,RUNN9NQ1BS,70000007,42
02/12/2025,FOOTN4U8MR,70000142,65
2025-12-02,CRICSYH7ON,70000058,15
2025-12-02,SWIM0MVCKN,70000087,13
2025-12-02,BADM15KIYT,70000061,88
2025-12-02,BASKM1MLIL,70000047,15
2025-12-02,CAMPO0RJDS,70000022,84
2025-12-02,BASK2WZP6S,70000035,26
2025-12-02,ARCHQ8BT6Y,70000109,81
2025-12-02,RUNNX6HFAS,70000130,100
2025-12-02,TENN5IIT74,70000011,50
2025-12-02,BASK6M6CDY,70000138,48
2025-12-02,CRICSYH7ON,70000148,94
2025-12-02,CRICOPG8LF,70000000,60
2025-12-02,BOXI6EMTCM,70000079,2
2025-12-02,RUNNSKP2YV,70000002,81
2025-12-02,CYCL6A1X1J,70000011,85
02/12/2025,CYCLCTHQW6,70000108,96
2025-12-02,TENNS4WA1L,70000020,77
2025-12-02,RUNN5JETGI,70000076,66
2025-12-02,BADM0HBAED,70000103,-76
2025-12-02,CRICGAUBI4,70000061,45
2025-12-02,TENNBHG8TI,70000030,62
2025-12-02,CRICGAUBI4,70000046,68
02/12/2025,ARCHG3PYJ1,70000098,78
2025-12-02,TENNC1V6MC,70000133,85
2025-12-02,CYCLCXVIN3,70000110,43
02/12/2025,CRICCLSSF0,70000145,22
2025-12-02,FOOT60U2RL,70000129,90
2025-12-02,CAMPXGETVZ,70000044,62
2025-12-02,TENN0AZ43M,70000124,26
02/12/2025,ARCHVB5C80,70000136,3
02/12/2025,BASK8MX9HI,70000052,81
02/12/2025,CYCLW4U2ZF,70000103,16
2025-12-02,BASKFYXTRB,70000094,24
2025-12-02,CRIC1WME0D,70000110,32
2025-12-02,SWIMXB1NTC,70000081,72
2025-12-02,ARCHUQ7TAW,70000042,44
2025-12-02,CRICOPG8LF,70000093,86
2025-12-02,BASKFYXTRB,70000039,67
2025-12-02,YOGA1BV9J2,70000094,30
2025-12-02,FOOT8R0FE8,70000137,7
2025-12-02,FOOT0JL7H7,70000015,18
2025-12-02,FOOTN4U8MR,70000012,6
2025-12-02,BASKV9OQU5,70000119,24
2025-12-02,TENN5IIT74,70000013,5
2025-12-02,BASK8RJBEM,70000083,48
2025-12-02,CRICISSQXO,70000102,59
2025-12-02,SWIMQ182E5,70000059,59
2025-12-02,BOXIRH1D1B,70000005,48
2025-12-02,CYCLESTENL,70000048,72
2025-12-02,BADMVIP80X,70000047,25
2025-12-02,TENNU3ZOT2,70000066,93
2025-12-02,ARCH8RKMMR,70000059,51
2025-12-02,FOOTR124SA,70000009,27
2025-12-02,CRICEUSIBY,70000024,65
2025-12-02,BOXIYLAB4B,70000082,81
02/12/2025,BASKBDUZ2F,70000062,42
2025-12-02,ARCHBD5RZI,70000023,81
2025-12-02,TENNTM53MN,70000132,92
2025-12-02,ARCHUQ7TAW,70000055,77
2025-12-02,CAMPL7YPRM,70000132,57
2025-12-02,YOGANUF9VH,70000089,17
02/12/2025,CYCLCXVIN3,70000057,57
2025-12-02,TENNETO86T,70000029,78
2025-12-02,CRICMFS8TU,70000032,38
2025-12-02,CYCLR8TAPF,70000081,21
2025-12-02,TENNRJTECA,70000121,70
02/12/2025,YOGAMUQYRO,70000115,27
02/12/2025,FOOTVLB3VZ,70000108,62
2025-12-02,ARCHP0K2A2,70000136,92
02/12/2025,RUNNX6HFAS,70000137,52
2025-12-02,BADML8Q3A2,70000063,-93
2025-12-02,ARCH5W3I7W,70000074,87
2025-12-02,CYCLCX6SOY,70000140,27
2025-12-02,BOXIV5MVPH,70000078,39
2025-12-02,CRIC4ZLCBT,70000126,35
02/12/2025,CRICISSQXO,70000050,68
2025-12-02,BOXIC6JCK7,70000092,47
2025-12-02,BADMVIP80X,70000121,49
2025-12-02,CRICQ0FXME,70000136,87
2025-12-02,CAMPF0K2W5,70000004,20
2025-12-02,TENN0VBIPV,70000129,54
2025-12-02,BASKBDUZ2F,70000073,1
2025-12-02,ARCHGO8ZYO,70000029,70
02/12/2025,BOXIJFHQUW,70000025,33
02/12/2025,BOXIFE7WCG,70000006,4
2025-12-02,FOOT4WV3Z7,70000018,40
2025-12-02,BADMQ5W7W0,70000148,-79
02/12/2025,FOOT3XNH85,70000093,8
2025-12-02,RUNN8UANCW,70000078,44
2025-12-02,BASK4N74EW,70000032,65
02/12/2025,BASKBWSNJ6,70000050,29
2025-12-02,ARCH9B4S5Z,70000041,19
2025-12-02,BOXIYQYDBF,70000011,46
2025-12-02,ARCHO7GHAA,70000092,70
2025-12-02,ARCHGNVHNX,70000005,45
2025-12-02,BOXIYJQ4P6,70000080,48
2025-12-02,BADMFW4BGN,70000001,88
2025-12-02,BADM1N7O6K,70000103,52
2025-12-02,FOOTNCSK9C,70000147,38
2025-12-02,CRICEFMXF2,70000031,91
2025-12-02,RUNNMQP0M1,70000100,22
2025-12-02,CRIC83JT6X,70000000,27
2025-12-02,CYCL6HB62S,70000122,50
2025-12-02,CYCL6HB62S,70000098,9
2025-12-02,CYCLN54WY8,70000134,44
2025-12-02,BASKBDUZ2F,70000066,36
2025-12-02,CRICB99L6G,70000015,73
2025-12-02,CYCLMRY3JP,70000145,52
2025-12-02,CRICOPG8LF,70000090,63
2025-12-02,RUNN6MFADX,70000130,45
2025-12-02,BOXIYQYDBF,70000038,17
2025-12-02,BADM55IHIJ,70000041,63
2025-12-02,ARCHGSBZ20,70000061,49
2025-12-02,FOOT2WMNEE,70000024,65
2025-12-02,BADM2YQ163,70000077,15
2025-12-02,CYCLW4U2ZF,70000107,31
02/12/2025,CAMP1DXL9C,70000016,65
2025-12-02,CYCLCXVIN3,70000061,53
2025-12-02,SWIMC937LB,70000117,65
2025-12-02,FOOT9FP2G0,70000067,78
2025-12-02,CRIC83JT6X,70000026,24
02/12/2025,BASKVSIUVR,70000000,23
2025-12-02,CYCL6HB62S,70000113,53
2025-12-02,RUNNS0BGUV,70000102,78
2025-12-02,BADMML1RSQ,70000147,-7
2025-12-02,RUNN425QRZ,70000145,91
2025-12-02,BASKG6Z7EJ,70000084,39
2025-12-02,TENNTM53MN,70000127,99
2025-12-02,BADMIAQXSV,70000107,90
2025-12-02,SWIMEBCJME,70000044,86
2025-12-02,BOXIYJQ4P6,70000028,7
2025-12-02,YOGAHI4864,70000096,86
2025-12-02,RUNNTEWIQ5,70000003,62
2025-12-02,SWIMKMWBF4,70000119,69
2025-12-02,RUNNDJJ38L,70000036,78
2025-12-02,RUNNJT9ANL,70000070,29
2025-12-02,BADMW38OD1,70000035,35
2025-12-02,CRICEUSIBY,70000033,100
2025-12-02,YOGAK902ZP,70000008,88
2025-12-02,YOGAOESP50,70000024,6
2025-12-02,FOOT9FP2G0,70000091,9
2025-12-02,CRICXXYA6W,70000142,60
2025-12-02,CYCLKIBEO8,70000008,-47
2025-12-02,BASK4N74EW,70000015,19
2025-12-02,BASK9A9KLB,70000022,74
2025-12-02,FOOT0JL7H7,70000009,69
2025-12-02,RUNN5JETGI,70000048,99
02/12/2025,CAMPMSV3GO,70000073,6
2025-12-02,BOXIULNIN5,70000011,37
2025-12-02,CAMPL7YPRM,70000054,39
2025-12-02,BASKVSIUVR,70000068,25
2025-12-02,ARCHTJK8XO,70000055,84
2025-12-02,RUNNQ0B79S,70000035,71
2025-12-02,RUNNXDA371,70000041,65
2025-12-02,BASKP0ATYZ,70000062,73
02/12/2025,SWIMSG4V35,70000100,60
2025-12-02,CRICVQ9KY3,70000059,39
2025-12-02,CRIC4ZLCBT,70000076,50
2025-12-02,FOOT32X3BR,70000030,35
02/12/2025,BASKG6Z7EJ,70000076,11
2025-12-02,ARCH10X288,70000068,6
2025-12-02,FOOTMJWJ13,70000033,53
2025-12-02,RUNNMQP0M1,70000056,15
2025-12-02,BASK2WZP6S,70000076,14
2025-12-02,FOOTOATOLE,70000067,32
2025-12-02,YOGAHI4864,70000122,91
02/12/2025,BASK8KZVZH,70000074,80
2025-12-02,YOGAH5XU3S,70000094,23
2025-12-02,BADM3Y1O57,70000134,95
2025-12-02,BASK85LSUD,70000112,15
2025-12-02,FOOTOATOLE,70000142,51
2025-12-02,BOXIWF0882,70000012,47
2025-12-02,RUNNUK80VF,70000078,51
2025-12-02,FOOTR124SA,70000042,31
02/12/2025,BASKVL0CQA,70000138,26
2025-12-02,YOGAI78QMA,70000032,70
2025-12-02,BADM0L7QX3,70000000,4
2025-12-02,FOOTMJWJ13,70000005,86
2025-12-02,CRICXXYA6W,70000034,88
2025-12-02,BASK9A9KLB,70000063,72
2025-12-02,RUNNURALK0,70000056,29
2025-12-02,YOGAX8RUTM,70000138,46
2025-12-02,YOGA1UTDA6,70000069,37
2025-12-02,CRICS3FDXO,70000101,68
2025-12-02,BASKUBM50R,70000149,99
02/12/2025,CRICQSF6VG,70000077,62
02/12/2025,CYCLR8TAPF,70000058,14
2025-12-02,BASKVL0CQA,70000004,76
2025-12-02,BOXII64SCL,70000052,9
2025-12-02,RUNNX7TWC7,70000012,45
2025-12-02,TENNHUVUU7,70000129,57
2025-12-02,RUNNM8R81A,70000062,5
2025-12-02,TENNZE5GNU,70000032,3
2025-12-02,BASK6M6CDY,70000061,7
2025-12-02,TENNHJLUZO,70000043,13
2025-12-02,CYCL0ZK57A,70000106,11
2025-12-02,SWIM8T3O0T,70000105,9
2025-12-02,CAMPC8F4A8,70000067,70
2025-12-02,ARCHWOXQ1F,70000072,96
2025-12-02,TENNM6BKO1,70000011,1
2025-12-02,BASKNLZ15I,70000106,79
2025-12-02,BADMAVCL65,70000025,7
2025-12-02,BADM55IHIJ,70000069,79
2025-12-02,CAMPIJ1H17,70000147,65
2025-12-02,YOGADPOTM0,70000026,49
2025-12-02,CRIC4ZLCBT,70000058,8
2025-12-02,RUNN7LIQ9L,70000056,99
2025-12-02,CAMPKQD9X0,70000017,70
2025-12-02,BADMVIP80X,70000051,65
02/12/2025,BASKR5N7L9,70000057,3
02/12/2025,TENNC1V6MC,70000116,1
2025-12-02,ARCHQTZKFS,70000091,39
2025-12-02,TENNU3ZOT2,70000014,22
2025-12-02,CAMPL7YPRM,70000019,13
2025-12-02,RUNNXGD29O,70000053,84
2025-12-02,BOXIULNIN5,70000077,91
2025-12-02,RUNNCPVQU1,70000141,65
2025-12-02,CRICKJEBZ1,70000115,70
2025-12-02,BADMC5XW3D,70000009,54
2025-12-02,BASK85LSUD,70000094,8
2025-12-02,BOXIULNIN5,70000091,79
2025-12-02,RUNNCPVQU1,70000075,2
02/12/2025,RUNNPOPVP1,70000123,61
2025-12-02,RUNNY2B1NS,70000116,92
2025-12-02,FOOTYV5DHT,70000088,8
2025-12-02,CRICIA69X2,70000083,8
2025-12-02,CAMPRZOVGM,70000072,85
2025-12-02,RUNNXGD29O,70000000,61
2025-12-02,FOOTMJWJ13,70000100,76
2025-12-02,BASKBWSNJ6,70000093,29
2025-12-02,CRICSYH7ON,70000101,37
02/12/2025,YOGA3Q7JMP,70000098,60
2025-12-02,BADMC5XW3D,70000000,64
02/12/2025,ARCHEFOFO4,70000068,34
2025-12-02,TENNHXFU3K,70000028,2
2025-12-02,TENNHJLUZO,70000056,27
2025-12-02,BOXIIG7ZKK,70000067,73
2025-12-02,BASK0RBHFM,70000140,9
2025-12-02,BOXIQWZJ9H,70000140,95
2025-12-02,BOXIV8UW2O,70000112,34
2025-12-02,ARCHQAMVB1,70000034,80
2025-12-02,CRICA30T6I,70000132,30
2025-12-02,ARCHVB5C80,70000015,48
2025-12-02,FOOTN4U8MR,70000059,31
2025-12-02,SWIME96UP7,70000092,69
2025-12-02,TENNZE5GNU,70000011,12
2025-12-02,BASKR5N7L9,70000025,10
02/12/2025,RUNNW8P5EX,70000103,79
2025-12-02,CRICQSF6VG,70000057,10
2025-12-02,CAMP1DXL9C,70000140,67
2025-12-02,BADMK4CG9S,70000139,45
2025-12-02,YOGAX8RUTM,70000111,54
2025-12-02,CYCLYCDDL9,70000003,4
02/12/2025,CYCLB2QY2G,70000013,51
2025-12-02,CYCLKE3EVA,70000016,74
2025-12-02,YOGAI78QMA,70000100,76
2025-12-02,FOOTWCUT7N,70000031,9
2025-12-02,TENNPF3X6R,70000101,42
2025-12-02,YOGA3Q7JMP,70000126,88
2025-12-02,CAMPIE3LU1,70000086,48
2025-12-02,BADMVIP80X,70000102,96
02/12/2025,CYCLQX0N92,70000079,61
2025-12-02,ARCHGSBZ20,70000033,60
02/12/2025,CRIC4ZLCBT,70000105,7
2025-12-02,RUNNQ0B79S,70000066,96
2025-12-02,RUNNUK80VF,70000133,42
2025-12-02,TENNHUVUU7,70000047,65
2025-12-02,CRICSYH7ON,70000015,69
2025-12-02,YOGADPOTM0,70000127,44
2025-12-02,BASK8MX9HI,70000017,43
02/12/2025,YOGAO9JGXC,70000062,80
02/12/2025,TENNRJTECA,70000093,80
2025-12-02,BOXIV8UW2O,70000112,87
2025-12-02,YOGA4CWZ8Y,70000085,34
02/12/2025,YOGASOQNWX,70000044,42
2025-12-02,ARCHQTZKFS,70000027,77
2025-12-02,BOXIIG7ZKK,70000100,91
2025-12-02,RUNND3XBZI,70000069,25
2025-12-02,RUNNS0BGUV,70000143,72
2025-12-02,TENNWJ6IDZ,70000027,55
2025-12-02,CRICS3FDXO,70000087,2
02/12/2025,CYCL95GHVV,70000086,19
2025-12-02,TENN1EGXF1,70000089,56
2025-12-02,ARCHZXDJ1B,70000076,9
2025-12-02,RUNNDIXWX9,70000020,33
2025-12-02,BASKHRJD7L,70000057,18
2025-12-02,TENNU10NWN,70000074,14
2025-12-02,RUNNDJJ38L,70000099,41
2025-12-02,ARCHQMTV1J,70000058,65
2025-12-02,CYCLD0TYR8,70000086,11
2025-12-02,BASK8MX9HI,70000129,7
2025-12-02,RUNNX7TWC7,70000068,44
2025-12-02,CYCL6XSAQE,70000039,17
2025-12-02,CRICJ8LSAA,70000109,99
2025-12-02,FOOTH9J9YD,70000033,72
2025-12-02,YOGA3Q7JMP,70000051,33
2025-12-02,CRICISSQXO,70000114,42
2025-12-02,FOOTI4H9WW,70000022,91
2025-12-02,TENNSX9E2N,70000132,81
2025-12-02,BADMUX41M6,70000010,61
2025-12-02,CYCLQX0N92,70000012,22
2025-12-02,TENNPF3X6R,70000087,3
02/12/2025,RUNNUK80VF,70000092,13
02/12/2025,TENNTM53MN,70000054,46
2025-12-02,BOXIR51INB,70000072,9
2025-12-02,RUNN7LIQ9L,70000128,19
2025-12-02,TENN7DJN89,70000001,64
2025-12-02,BASKX0220Y,70000043,28
2025-12-02,ARCHO7GHAA,70000019,3
2025-12-02,FOOT6DG3P2,70000004,21
2025-12-02,CRICIA69X2,70000073,86
02/12/2025,BASKNLZ15I,70000110,71
02/12/2025,FOOTEB9HRS,70000025,44
2025-12-02,BADMML1RSQ,70000072,17
2025-12-02,BADMID9AH9,70000064,-60
2025-12-02,CYCLFT8H04,70000032,29
2025-12-02,CYCLXEUF4J,70000119,53
2025-12-02,FOOT32X3BR,70000101,22
2025-12-02,RUNNKD6X8G,70000070,45
2025-12-02,RUNNXDA371,70000120,82
2025-12-02,CYCLESTENL,70000101,41
02/12/2025,ARCH7GMZLB,70000100,29
2025-12-02,ARCH096NHT,70000119,17
2025-12-02,ARCH9B4S5Z,70000045,94
02/12/2025,TENN0AZ43M,70000016,7
02/12/2025,RUNNS0BGUV,70000073,28
2025-12-02,RUNNVL9MBO,70000082,78
2025-12-02,FOOTI4H9WW,70000092,47
02/12/2025,ARCHGO8ZYO,70000008,82
2025-12-02,CYCLCBAN9X,70000117,57
2025-12-02,BOXI46YC07,70000066,74
02/12/2025,BOXICXV11L,70000028,62
2025-12-02,CYCLN54WY8,70000012,72
2025-12-02,ARCH9B4S5Z,70000079,14
02/12/2025,ARCH7GMZLB,70000065,99
2025-12-02,TENNZ3J3UW,70000091,11
2025-12-02,BADMFCWHRZ,70000029,88
2025-12-02,SWIMDVFM52,70000065,-88
2025-12-02,TENNGJUX50,70000040,96
2025-12-02,RUNNR1VIWT,70000098,77
2025-12-02,FOOTEB9HRS,70000073,24
02/12/2025,FOOTO4ATUF,70000060,32
2025-12-02,TENNZ3J3UW,70000134,88
2025-12-02,CRICESWZSQ,70000044,86
2025-12-02,CYCLKIBEO8,70000065,16
2025-12-02,YOGAO9JGXC,70000092,73
2025-12-02,BOXIJFHQUW,70000095,68
2025-12-02,CYCLD0TYR8,70000060,79
2025-12-02,FOOT4WV3Z7,70000142,40
2025-12-02,BADMB4XFAI,70000039,85
02/12/2025,TENNC1V6MC,70000106,64
2025-12-02,BADM93L9OX,70000146,49
2025-12-02,BOXIZ8XN85,70000099,42
2025-12-02,FOOTWCUT7N,70000002,4
2025-12-02,TENNM6BKO1,70000079,17
2025-12-02,ARCH096NHT,70000012,62
02/12/2025,SWIMGWNPAV,70000111,81
2025-12-02,TENNRP07IB,70000071,47
2025-12-02,CYCLYCDDL9,70000083,58
2025-12-02,TENNHUVUU7,70000071,47
2025-12-02,ARCHGSBZ20,70000086,35
2025-12-02,RUNNY2B1NS,70000073,51
2025-12-02,FOOTMJWJ13,70000120,82
2025-12-02,CYCL4AZQJ9,70000004,63
2025-12-02,FOOT32X3BR,70000050,15
2025-12-02,CYCLD0TYR8,70000118,82
2025-12-02,ARCH5H8D5E,70000117,20
2025-12-02,BOXIP8Z9S3,70000041,36
2025-12-02,BADMUX41M6,70000116,89
2025-12-02,YOGA4CWZ8Y,70000136,49
2025-12-02,FOOTMJWJ13,70000063,45
2025-12-02,RUNNS0BGUV,70000085,29
2025-12-02,BADMAVCL65,70000049,16
2025-12-02,ARCHP0K2A2,70000050,22
2025-12-02,YOGASOQNWX,70000073,41
2025-12-02,BASKMDV5TV,70000051,62
2025-12-02,BADMK6P1PN,70000026,65
02/12/2025,BASKNLZ15I,70000018,40
2025-12-02,BASKHRJD7L,70000126,89
02/12/2025,BASK2WZP6S,70000014,17
2025-12-02,FOOTZFHAZL,70000029,53
2025-12-02,BOXIHJQM8Y,70000041,100
2025-12-02,RUNNY2B1NS,70000149,66
2025-12-02,CRICVQQAYC,70000051,1
2025-12-02,FOOTWCUT7N,70000025,45
2025-12-02,BASK8MX9HI,70000040,45
2025-12-02,TENN1EGXF1,70000043,43
2025-12-02,BADMAVCL65,70000020,83
2025-12-02,CAMPRZOVGM,70000114,57
2025-12-02,BOXI0DM9KE,70000066,-53
2025-12-02,RUNNPOPVP1,70000014,34
2025-12-02,ARCHUQ7TAW,70000076,48
2025-12-02,BOXIG9A0U9,70000120,54
2025-12-02,TENNJ5YR6T,70000078,28
02/12/2025,BADM1N7O6K,70000141,47
02/12/2025,YOGAH5XU3S,70000089,38
02/12/2025,BASK2WZP6S,70000127,36
2025-12-02,RUNNKD6X8G,70000105,-2
2025-12-02,CYCL6A1X1J,70000081,82
2025-12-02,CAMPIJ1H17,70000011,47
2025-12-02,RUNN7LIQ9L,70000069,84
2025-12-02,BOXICXV11L,70000108,63
2025-12-02,FOOTO4ATUF,70000121,89
2025-12-02,FOOTWCUT7N,70000035,23
2025-12-02,BOXIHJQM8Y,70000110,67
02/12/2025,FOOTI4H9WW,70000043,47
2025-12-02,YOGA1BV9J2,70000045,82
2025-12-02,RUNNS0BGUV,70000017,58
2025-12-02,TENNZE5GNU,70000001,5
2025-12-02,ARCHO2QU46,70000005,83
2025-12-02,SWIM0MVCKN,70000053,50
2025-12-02,YOGAZH665F,70000028,57
02/12/2025,RUNNX6HFAS,70000038,49
2025-12-02,ARCHPRFUYN,70000083,24
2025-12-02,TENN0AZ43M,70000029,59
2025-12-02,RUNNQ0B79S,70000091,33
2025-12-02,ARCHZXDJ1B,70000005,19
2025-12-02,CYCLN54WY8,70000065,44
2025-12-02,CYCLQC7L78,70000066,89
2025-12-02,FOOTR124SA,70000148,3
2025-12-02,ARCHQAMVB1,70000057,89
02/12/2025,SWIME96UP7,70000044,14
2025-12-02,BOXI71CVVJ,70000089,23
2025-12-02,ARCHUQ7TAW,70000027,20
2025-12-02,CRICZCJAHW,70000078,25
2025-12-02,BASKR5N7L9,70000064,4
2025-12-02,CRICB99L6G,70000139,39
2025-12-02,BASKVL0CQA,70000058,63
02/12/2025,RUNND3XBZI,70000001,100
2025-12-02,BADMY5YSHJ,70000104,65
2025-12-02,CAMP6INM9W,70000097,74
02/12/2025,TENNHUVUU7,70000108,32
2025-12-02,SWIMEO1B6N,70000012,91
02/12/2025,BOXIYQYDBF,70000129,73
2025-12-02,ARCHG3PYJ1,70000069,91
2025-12-02,BADMK6P1PN,70000121,33
02/12/2025,ARCHWOXQ1F,70000013,13
2025-12-02,BASKVSIUVR,70000102,33
2025-12-02,CRICUL23U5,70000029,30
2025-12-02,BADML8Q3A2,70000092,13
2025-12-02,ARCHUQ7TAW,70000035,56
02/12/2025,BASK4NUSP6,70000066,12
2025-12-02,ARCHQAMVB1,70000016,82
2025-12-02,YOGAK902ZP,70000003,65
2025-12-02,BADMFW4BGN,70000123,2
2025-12-02,BASK4N74EW,70000078,79
2025-12-02,FOOT4N2M55,70000148,23
02/12/2025,RUNNVL9MBO,70000030,29
2025-12-02,BASKMKDZKM,70000000,36
2025-12-02,BADMVS8NI0,70000075,42
2025-12-02,CRICEFMXF2,70000139,4
2025-12-02,TENNWOMXKK,70000084,1
2025-12-02,TENNZ3J3UW,70000147,23
2025-12-02,BADM2YQ163,70000058,66
2025-12-02,CYCLMLNLWQ,70000092,27
02/12/2025,TENNHJLUZO,70000067,45
02/12/2025,CRICJ8LSAA,70000046,14
2025-12-02,CRICESWZSQ,70000075,55
2025-12-02,BASK9A9KLB,70000076,26
2025-12-02,CRICVQQAYC,70000039,48
2025-12-02,BADMC5XW3D,70000067,90
2025-12-02,SWIMNHFBMM,70000091,37
2025-12-02,BASKM1MLIL,70000102,95
2025-12-02,YOGA3Q7JMP,70000017,98
2025-12-02,SWIMNSL9F0,70000034,3
02/12/2025,FOOT2WMNEE,70000080,11
2025-12-02,ARCH7GMZLB,70000012,21
2025-12-02,CAMPA5FQ7P,70000096,28
2025-12-02,YOGANU7O8Y,70000000,32
2025-12-02,BADMK4CG9S,70000045,11
2025-12-02,TENNZ3J3UW,70000072,82
2025-12-02,BASK9A9KLB,70000027,86
2025-12-02,RUNN6MFADX,70000009,66
2025-12-02,YOGAX8RUTM,70000117,83
2025-12-02,TENNWJ6IDZ,70000120,33
2025-12-02,ARCHQ8BT6Y,70000132,27
2025-12-02,FOOT8R0FE8,70000103,51
2025-12-02,BASKQMZC1T,70000055,87
02/12/2025,RUNN8MJV50,70000143,23
2025-12-02,YOGA3Q7JMP,70000116,70
02/12/2025,ARCHO2QU46,70000132,58
2025-12-02,CAMPIE3LU1,70000143,69
2025-12-02,BOXIYLAB4B,70000009,83
2025-12-02,TENNETO86T,70000091,33
2025-12-02,BASKCWW56G,70000130,42
2025-12-02,CAMPPX419U,70000119,57
02/12/2025,CRICYUKGHF,70000028,32
02/12/2025,CRIC4ZLCBT,70000087,4
2025-12-02,TENNWOMXKK,70000117,56
2025-12-02,CRICGAUBI4,70000029,22
02/12/2025,BADMVS8NI0,70000026,92
2025-12-02,CYCL7YK5VG,70000054,49
2025-12-02,CYCL95GHVV,70000060,66
2025-12-02,CRICVQ9KY3,70000024,65
2025-12-02,FOOTWCUT7N,70000045,69
2025-12-02,CYCLR8TAPF,70000117,14
2025-12-02,CRICESWZSQ,70000042,4
2025-12-02,RUNNUK80VF,70000111,49
2025-12-02,FOOTH9J9YD,70000076,28
2025-12-02,BADM2PV64W,70000006,1
2025-12-02,BOXIYLAB4B,70000002,68
2025-12-02,BOXIV5MVPH,70000131,64
02/12/2025,BASKMDV5TV,70000096,25
2025-12-02,BOXI0DM9KE,70000046,95
02/12/2025,BADMW38OD1,70000038,25
02/12/2025,SWIMHWPQ29,70000146,16
2025-12-02,FOOT4WV3Z7,70000051,68
2025-12-02,BASK47G9GE,70000005,71
02/12/2025,FOOTI4H9WW,70000091,8
02/12/2025,CYCLCXVIN3,70000104,31
2025-12-02,CYCL6HB62S,70000147,79
02/12/2025,YOGANBDL8B,70000094,68
2025-12-02,RUNNMQP0M1,70000075,45
02/12/2025,SWIMNHFBMM,70000141,9
02/12/2025,SWIMCDJQ75,70000103,26
2025-12-02,ARCH0DR35U,70000044,45
2025-12-02,TENNRJTECA,70000105,12
2025-12-02,SWIMC937LB,70000105,60
2025-12-02,TENNOHBF5Q,70000144,49
2025-12-02,YOGA4CWZ8Y,70000072,88
02/12/2025,ARCH5W3I7W,70000057,73
2025-12-02,RUNN9NQ1BS,70000121,86
2025-12-02,BADMIAQXSV,70000128,87
2025-12-02,YOGAJJOJMP,70000106,40
2025-12-02,BADM93L9OX,70000131,5
2025-12-02,CAMP6INM9W,70000102,20
2025-12-02,FOOTENB1XE,70000109,37
2025-12-02,BOXIJFHQUW,70000007,7
2025-12-02,ARCHG3PYJ1,70000042,76
2025-12-02,BADM2YQ163,70000133,89
02/12/2025,CRIC145VRJ,70000032,17
2025-12-02,RUNN3BN6R7,70000142,96
2025-12-02,TENN0AZ43M,70000070,88
2025-12-02,ARCHQTZKFS,70000089,52
2025-12-02,RUNNA0WT1N,70000088,4
2025-12-02,FOOTDVSUDM,70000003,1
02/12/2025,ARCHZXDJ1B,70000136,3
2025-12-02,RUNNEUSYV5,70000037,-19
2025-12-02,BADM2YQ163,70000045,18
2025-12-02,BADMFW4BGN,70000147,45
02/12/2025,SWIMUS6WWI,70000022,26
2025-12-02,RUNNEUSYV5,70000134,81
2025-12-02,TENNXVSO7W,70000012,7
2025-12-02,ARCHQT4YJT,70000011,48
2025-12-02,RUNND3XBZI,70000037,61
2025-12-02,TENNC1V6MC,70000112,21
2025-12-02,BADM6UF29Z,70000059,27
2025-12-02,FOOTKQJWOH,70000123,8
2025-12-02,RUNNUHS45V,70000089,45
02/12/2025,ARCH9B4S5Z,70000062,66
2025-12-02,BOXIM0IPF3,70000123,46
2025-12-02,CYCL9WWDZK,70000073,24
02/12/2025,CYCLB2QY2G,70000114,3
2025-12-02,BASK4N74EW,70000051,9
2025-12-02,YOGAO9JGXC,70000069,27
02/12/2025,BADMK6P1PN,70000083,100
2025-12-02,BADMAVCL65,70000116,60
2025-12-02,RUNNW8P5EX,70000007,-2
2025-12-02,SWIM8T3O0T,70000033,8
2025-12-02,FOOTMJWJ13,70000029,15
2025-12-02,YOGAHI4864,70000125,37
2025-12-02,BOXI0DM9KE,70000040,78
2025-12-02,BASK48ZUXT,70000068,17
2025-12-02,TENNOHBF5Q,70000069,74
2025-12-02,BASKMDV5TV,70000115,25
2025-12-02,YOGANUF9VH,70000146,69
2025-12-02,FOOT0JL7H7,70000145,78
2025-12-02,RUNNOM0EQ9,70000076,71
2025-12-02,ARCH5W3I7W,70000035,79
2025-12-02,ARCHGSBZ20,70000006,87
02/12/2025,RUNNEV4VPE,70000016,29
2025-12-02,CYCLD0TYR8,70000111,24
2025-12-02,BADM55IHIJ,70000015,75
02/12/2025,BOXIC6JCK7,70000048,57
2025-12-02,FOOT32X3BR,70000135,53
2025-12-02,CYCL6A1X1J,70000012,69
2025-12-02,YOGA1BV9J2,70000146,38
2025-12-02,ARCH5H8D5E,70000002,40
2025-12-02,RUNNX7TWC7,70000071,59
2025-12-02,ARCHQAMVB1,70000148,63
2025-12-02,BADM2PV64W,70000126,99
2025-12-02,ARCHG3PYJ1,70000014,85
2025-12-02,YOGASOQNWX,70000031,67
2025-12-02,ARCHQMTV1J,70000076,80
02/12/2025,CAMPRURV17,70000052,24
2025-12-02,BASKUBM50R,70000018,62
2025-12-02,CYCL95GHVV,70000020,4
2025-12-02,BASK8RJBEM,70000000,36
2025-12-02,CYCL9WWDZK,70000136,99
02/12/2025,CRICEUSIBY,70000131,78
2025-12-02,CAMPF0K2W5,70000025,12
2025-12-02,CAMPOO9C4C,70000131,82
2025-12-02,RUNN7LIQ9L,70000091,64
02/12/2025,TENNU10NWN,70000061,79
2025-12-02,CRICPXVBLH,70000069,45
2025-12-02,BASKVSIUVR,70000124,11
2025-12-02,CAMP6INM9W,70000121,4
2025-12-02,BOXIULNIN5,70000102,92
2025-12-02,YOGANUF9VH,70000023,17
2025-12-02,BOXIWF0882,70000146,80
02/12/2025,TENNS4WA1L,70000125,18
2025-12-02,BOXI0DM9KE,70000086,62
2025-12-02,FOOT9FP2G0,70000035,39
2025-12-02,SWIMQ182E5,70000100,37
2025-12-02,TENNPF3X6R,70000113,72
2025-12-02,BADM3Y1O57,70000022,99
2025-12-02,BOXIYLAB4B,70000125,19
2025-12-02,ARCH096NHT,70000104,72
2025-12-02,BASKUBM50R,70000021,81
2025-12-02,ARCHZSZECA,70000089,91
02/12/2025,TENNGJUX50,70000135,41
2025-12-02,BASK6M6CDY,70000012,-69
2025-12-02,BASKCWW56G,70000059,90
2025-12-02,SWIM26IZI4,70000021,60
2025-12-02,CYCL95GHVV,70000085,41
2025-12-02,YOGAH5XU3S,70000046,15
2025-12-02,CAMPXGETVZ,70000136,43
2025-12-02,BADM2YQ163,70000102,9
02/12/2025,TENN1EGXF1,70000140,43
2025-12-02,YOGAI78QMA,70000051,46
2025-12-02,TENNTM53MN,70000022,7
2025-12-02,CYCL7YK5VG,70000104,35
2025-12-02,RUNNX6HFAS,70000105,91
2025-12-02,RUNNXTNS3N,70000095,86
2025-12-02,FOOT9FP2G0,70000068,38
2025-12-02,CRIC96QUUQ,70000001,-33
2025-12-02,FOOTVLB3VZ,70000048,100
2025-12-02,TENNN025IE,70000021,17
2025-12-02,RUNNOM0EQ9,70000142,96
2025-12-02,BASKNLZ15I,70000059,1
2025-12-02,TENNBT09H4,70000073,4
2025-12-02,CRICYUKGHF,70000048,65
2025-12-02,BASKVL0CQA,70000080,30
2025-12-02,BASKVL0CQA,70000088,4
2025-12-02,RUNNPOPVP1,70000127,7
2025-12-02,YOGADI2TUC,70000031,74
2025-12-02,ARCHG3PYJ1,70000069,15
2025-12-02,CAMPPX419U,70000031,25
2025-12-02,BOXI0DM9KE,70000103,81
2025-12-02,TENNRJTECA,70000102,29
2025-12-02,BADM55IHIJ,70000003,36
2025-12-02,CAMP6INM9W,70000149,87
2025-12-02,CAMPA5FQ7P,70000069,41
2025-12-02,CYCLESTENL,70000058,78
2025-12-02,ARCHZSZECA,70000058,29
2025-12-02,CRIC1WME0D,70000090,1
2025-12-02,BADMIAQXSV,70000145,99
2025-12-02,YOGAIN68VR,70000041,34
2025-12-02,RUNND3XBZI,70000132,42
2025-12-02,BADMH37CQV,70000083,53
2025-12-02,BOXIV8UW2O,70000074,45
2025-12-02,FOOTEB9HRS,70000062,33
2025-12-02,BOXI7IYQB0,70000097,80
2025-12-02,FOOTWUTXJX,70000051,56
2025-12-02,BASKQMZC1T,70000090,98
02/12/2025,FOOTH9J9YD,70000056,88
2025-12-02,CAMPKQD9X0,70000121,98
2025-12-02,TENNHUVUU7,70000030,69
02/12/2025,FOOT32X3BR,70000134,55
2025-12-02,BADM15KIYT,70000149,33
2025-12-02,RUNNX7TWC7,70000104,96
2025-12-02,ARCHO2QU46,70000028,4
2025-12-02,RUNN425QRZ,70000126,55
2025-12-02,SWIMYUE8GW,70000078,1
2025-12-02,BASK8KZVZH,70000064,34
2025-12-02,ARCHVB5C80,70000074,92
02/12/2025,ARCHLNLWXA,70000147,7
2025-12-02,BASK47G9GE,70000101,28
2025-12-02,BOXIFHMK5F,70000065,53
2025-12-02,TENNGJUX50,70000022,51
2025-12-02,YOGA6X3ZJ1,70000129,9
2025-12-02,BASKFYXTRB,70000036,62
2025-12-02,SWIM5T04XJ,70000033,90
2025-12-02,FOOTMJWJ13,70000128,85
02/12/2025,BOXIULNIN5,70000038,99
02/12/2025,CAMPIE3LU1,70000099,77
2025-12-02,BADMF0ZB2Z,70000110,15
2025-12-02,ARCH096NHT,70000130,64
2025-12-02,CYCLXEUF4J,70000017,40
2025-12-02,FOOTTHS8RT,70000067,98
2025-12-02,BASK8MX9HI,70000008,69
2025-12-02,SWIMNSL9F0,70000118,55
2025-12-02,RUNN3CESE3,70000026,72
2025-12-02,CAMPF0K2W5,70000036,8
2025-12-02,BOXILGX2C9,70000112,75
2025-12-02,SWIMSG4V35,70000092,42
2025-12-02,YOGASOQNWX,70000107,30
2025-12-02,BOXIYLAB4B,70000053,17
2025-12-02,CAMPO0RJDS,70000121,49
2025-12-02,CAMPOO9C4C,70000044,54
2025-12-02,FOOTN4U8MR,70000006,67
2025-12-02,BOXIYJQ4P6,70000146,45
02/12/2025,YOGAX8RUTM,70000094,59
2025-12-02,FOOT60U2RL,70000106,59
2025-12-02,SWIMKMWBF4,70000129,19
02/12/2025,BOXICZMPD9,70000066,94
2025-12-02,TENNBHG8TI,70000046,95
2025-12-02,CRICYUKGHF,70000061,83
2025-12-02,BOXIRH1D1B,70000138,55
2025-12-02,BADM93L9OX,70000119,7
2025-12-02,CRICUL23U5,70000143,47
2025-12-02,CAMPIJ1H17,70000055,89
2025-12-02,BASK8MX9HI,70000032,31
2025-12-02,BASKR5N7L9,70000027,12
02/12/2025,CYCL0ZK57A,70000096,44
2025-12-02,RUNNXDA371,70000037,85
2025-12-02,FOOTH9J9YD,70000094,16
2025-12-02,CRICVQ9KY3,70000088,83
2025-12-02,BADM0L7QX3,70000139,79
2025-12-02,BOXIHJQM8Y,70000129,36
2025-12-02,SWIMFS4E7X,70000000,73
2025-12-02,CRICSYH7ON,70000094,51
2025-12-02,ARCH096NHT,70000148,63
2025-12-02,ARCHO2QU46,70000083,11
2025-12-02,BADMVS8NI0,70000112,86
02/12/2025,CAMPXGETVZ,70000043,1
2025-12-02,BADM93L9OX,70000024,54
2025-12-02,YOGAI78QMA,70000098,7
2025-12-02,ARCH0DR35U,70000074,47
2025-12-02,CRICYUKGHF,70000140,68
02/12/2025,BOXIV8UW2O,70000121,34
02/12/2025,BOXIV8UW2O,70000139,55
2025-12-02,YOGA6X3ZJ1,70000044,30
2025-12-02,TENNRP07IB,70000044,85
2025-12-02,CAMPL7YPRM,70000031,50
2025-12-02,CRICMFS8TU,70000015,67
2025-12-02,ARCHQTZKFS,70000066,62
2025-12-02,BASK48ZUXT,70000049,95
2025-12-02,BOXICXV11L,70000109,59
2025-12-02,SWIMFS4E7X,70000080,36
2025-12-02,FOOTMJWJ13,70000117,92
02/12/2025,BADM3Y1O57,70000089,23
2025-12-02,TENNU10NWN,70000143,74
2025-12-02,RUNND3XBZI,70000058,33
2025-12-02,BASKVSIUVR,70000111,9
2025-12-02,TENNTM53MN,70000003,22
2025-12-02,YOGAIN68VR,70000082,33
02/12/2025,BOXIZ8XN85,70000134,52
